Date_Time (LST/LDT), Event, Speed (knots)
2020-01-01 00:00, ebb,-1.7
2020-01-01 04:12, slack,-
2020-01-01 07:48, flood,2.5
2020-01-01 11:12, slack,-
2020-01-01 14:48, ebb,-1.7
2020-01-01 20:00, ebb,-0.6
2020-01-02 00:18, ebb,-1.3
2020-01-02 04:48, slack,-
2020-01-02 08:30, flood,2.1
2020-01-02 11:48, slack,-
2020-01-02 15:36, ebb,-2.0
2020-01-02 21:42, ebb,-0.4
2020-01-03 03:06, ebb,-0.9
2020-01-03 05:30, slack,-
2020-01-03 09:06, flood,1.7
2020-01-03 12:18, slack,-
2020-01-03 16:18, ebb,-2.2
2020-01-03 22:06, slack,-
2020-01-03 23:12, flood,0.1
2020-01-04 00:12, slack,-
2020-01-04 04:12, ebb,-0.6
2020-01-04 06:18, slack,-
2020-01-04 09:42, flood,1.2
2020-01-04 12:42, slack,-
2020-01-04 17:00, ebb,-2.5
2020-01-04 21:36, slack,-
2020-01-05 00:06, flood,0.8
2020-01-05 02:54, slack,-
2020-01-05 05:18, ebb,-0.6
2020-01-05 07:24, slack,-
2020-01-05 10:24, flood,0.7
2020-01-05 13:00, slack,-
2020-01-05 17:36, ebb,-2.7
2020-01-05 21:42, slack,-
2020-01-06 00:48, flood,1.5
2020-01-06 04:06, slack,-
2020-01-06 06:18, ebb,-0.7
2020-01-06 08:54, slack,-
2020-01-06 11:06, flood,0.3
2020-01-06 13:06, slack,-
2020-01-06 18:12, ebb,-2.9
2020-01-06 22:00, slack,-
2020-01-07 01:30, flood,2.3
2020-01-07 04:54, slack,-
2020-01-07 07:12, ebb,-0.9
2020-01-07 12:06, slack,-
2020-01-07 18:42, ebb,-3.2
2020-01-07 22:30, slack,-
2020-01-08 02:00, flood,2.9
2020-01-08 05:36, slack,-
2020-01-08 07:54, ebb,-1.1
2020-01-08 13:06, ebb,-0.2
2020-01-08 19:12, ebb,-3.4
2020-01-08 23:00, slack,-
2020-01-09 02:42, flood,3.4
2020-01-09 06:12, slack,-
2020-01-09 08:36, ebb,-1.2
2020-01-09 13:54, ebb,-0.2
2020-01-09 19:48, ebb,-3.5
2020-01-09 23:42, slack,-
2020-01-10 03:24, flood,3.7
2020-01-10 06:54, slack,-
2020-01-10 09:18, ebb,-1.4
2020-01-10 14:30, ebb,-0.2
2020-01-10 20:18, ebb,-3.6
2020-01-11 00:24, slack,-
2020-01-11 04:06, flood,3.9
2020-01-11 07:36, slack,-
2020-01-11 10:00, ebb,-1.4
2020-01-11 15:18, ebb,-0.1
2020-01-11 21:00, ebb,-3.6
2020-01-12 01:06, slack,-
2020-01-12 04:54, flood,4.0
2020-01-12 08:18, slack,-
2020-01-12 10:48, ebb,-1.5
2020-01-12 16:12, slack,-
2020-01-12 21:42, ebb,-3.5
2020-01-13 01:54, slack,-
2020-01-13 05:36, flood,3.9
2020-01-13 09:00, slack,-
2020-01-13 11:42, ebb,-1.7
2020-01-13 16:54, slack,-
2020-01-13 22:30, ebb,-3.2
2020-01-14 02:42, slack,-
2020-01-14 06:18, flood,3.6
2020-01-14 09:36, slack,-
2020-01-14 12:36, ebb,-1.9
2020-01-14 17:24, slack,-
2020-01-14 18:12, flood,0.1
2020-01-14 18:54, slack,-
2020-01-14 23:24, ebb,-2.7
2020-01-15 03:24, slack,-
2020-01-15 07:00, flood,3.3
2020-01-15 10:18, slack,-
2020-01-15 13:36, ebb,-2.2
2020-01-15 18:12, slack,-
2020-01-15 19:18, flood,0.3
2020-01-15 20:30, slack,-
2020-01-16 00:30, ebb,-2.1
2020-01-16 04:12, slack,-
2020-01-16 07:48, flood,2.7
2020-01-16 10:54, slack,-
2020-01-16 14:30, ebb,-2.6
2020-01-16 18:54, slack,-
2020-01-16 20:42, flood,0.6
2020-01-16 22:24, slack,-
2020-01-17 02:06, ebb,-1.4
2020-01-17 05:00, slack,-
2020-01-17 08:30, flood,2.0
2020-01-17 11:24, slack,-
2020-01-17 15:24, ebb,-2.9
2020-01-17 19:36, slack,-
2020-01-17 22:00, flood,1.1
2020-01-18 00:42, slack,-
2020-01-18 03:36, ebb,-1.0
2020-01-18 06:00, slack,-
2020-01-18 09:18, flood,1.3
2020-01-18 11:48, slack,-
2020-01-18 16:06, ebb,-3.2
2020-01-18 20:12, slack,-
2020-01-18 23:12, flood,1.8
2020-01-19 02:54, slack,-
2020-01-19 04:54, ebb,-0.7
2020-01-19 07:30, slack,-
2020-01-19 10:06, flood,0.6
2020-01-19 12:06, slack,-
2020-01-19 16:54, ebb,-3.4
2020-01-19 20:54, slack,-
2020-01-20 00:18, flood,2.6
2020-01-20 04:18, slack,-
2020-01-20 06:12, ebb,-0.7
2020-01-20 11:12, slack,-
2020-01-20 17:42, ebb,-3.5
2020-01-20 21:36, slack,-
2020-01-21 01:12, flood,3.2
2020-01-21 05:12, slack,-
2020-01-21 07:18, ebb,-0.9
2020-01-21 12:48, ebb,-0.4
2020-01-21 18:30, ebb,-3.6
2020-01-21 22:18, slack,-
2020-01-22 01:54, flood,3.6
2020-01-22 06:00, slack,-
2020-01-22 08:12, ebb,-1.0
2020-01-22 13:48, ebb,-0.5
2020-01-22 19:18, ebb,-3.6
2020-01-22 23:06, slack,-
2020-01-23 02:42, flood,3.8
2020-01-23 06:36, slack,-
2020-01-23 08:48, ebb,-1.1
2020-01-23 14:36, ebb,-0.4
2020-01-23 20:00, ebb,-3.5
2020-01-23 23:48, slack,-
2020-01-24 03:24, flood,3.8
2020-01-24 07:06, slack,-
2020-01-24 09:24, ebb,-1.2
2020-01-24 15:12, ebb,-0.4
2020-01-24 20:42, ebb,-3.3
2020-01-25 00:30, slack,-
2020-01-25 04:00, flood,3.6
2020-01-25 07:36, slack,-
2020-01-25 10:06, ebb,-1.2
2020-01-25 15:54, ebb,-0.3
2020-01-25 21:24, ebb,-3.1
2020-01-26 01:12, slack,-
2020-01-26 04:42, flood,3.4
2020-01-26 08:12, slack,-
2020-01-26 10:42, ebb,-1.3
2020-01-26 16:30, ebb,-0.2
2020-01-26 22:00, ebb,-2.8
2020-01-27 01:54, slack,-
2020-01-27 05:18, flood,3.2
2020-01-27 08:42, slack,-
2020-01-27 11:30, ebb,-1.4
2020-01-27 17:06, ebb,-0.1
2020-01-27 22:36, ebb,-2.5
2020-01-28 02:30, slack,-
2020-01-28 05:54, flood,3.0
2020-01-28 09:12, slack,-
2020-01-28 12:12, ebb,-1.6
2020-01-28 17:48, ebb,-0.1
2020-01-28 23:06, ebb,-2.2
2020-01-29 03:00, slack,-
2020-01-29 06:30, flood,2.7
2020-01-29 09:42, slack,-
2020-01-29 13:00, ebb,-1.8
2020-01-29 18:36, slack,-
2020-01-29 23:30, ebb,-1.8
2020-01-30 03:30, slack,-
2020-01-30 07:00, flood,2.3
2020-01-30 10:12, slack,-
2020-01-30 13:54, ebb,-2.0
2020-01-30 18:54, slack,-
2020-01-30 20:12, slack,-
2020-01-31 00:12, ebb,-1.3
2020-01-31 04:06, slack,-
2020-01-31 07:30, flood,1.9
2020-01-31 10:36, slack,-
2020-01-31 14:42, ebb,-2.2
2020-01-31 19:06, slack,-
2020-01-31 20:36, flood,0.3
2020-01-31 22:12, slack,-
2020-02-01 01:30, ebb,-0.9
2020-02-01 04:48, slack,-
2020-02-01 08:06, flood,1.3
2020-02-01 10:54, slack,-
2020-02-01 15:24, ebb,-2.3
2020-02-01 19:30, slack,-
2020-02-01 21:48, flood,0.7
2020-02-02 00:18, slack,-
2020-02-02 03:36, ebb,-0.6
2020-02-02 05:42, slack,-
2020-02-02 08:30, flood,0.8
2020-02-02 11:06, slack,-
2020-02-02 16:06, ebb,-2.4
2020-02-02 20:00, slack,-
2020-02-02 22:54, flood,1.2
2020-02-03 02:24, slack,-
2020-02-03 04:48, ebb,-0.6
2020-02-03 07:06, slack,-
2020-02-03 09:00, flood,0.3
2020-02-03 10:48, slack,-
2020-02-03 16:42, ebb,-2.5
2020-02-03 20:36, slack,-
2020-02-03 23:54, flood,1.8
2020-02-04 03:42, slack,-
2020-02-04 05:48, ebb,-0.7
2020-02-04 09:24, ebb,-0.1
2020-02-04 17:24, ebb,-2.6
2020-02-04 21:12, slack,-
2020-02-05 00:48, flood,2.4
2020-02-05 04:30, slack,-
2020-02-05 06:42, ebb,-0.8
2020-02-05 10:06, ebb,-0.3
2020-02-05 18:06, ebb,-2.9
2020-02-05 21:54, slack,-
2020-02-06 01:36, flood,2.9
2020-02-06 05:12, slack,-
2020-02-06 07:30, ebb,-1.0
2020-02-06 12:24, ebb,-0.4
2020-02-06 18:54, ebb,-3.1
2020-02-06 22:36, slack,-
2020-02-07 02:18, flood,3.3
2020-02-07 05:48, slack,-
2020-02-07 08:06, ebb,-1.2
2020-02-07 13:42, ebb,-0.2
2020-02-07 19:30, ebb,-3.4
2020-02-07 23:24, slack,-
2020-02-08 03:00, flood,3.6
2020-02-08 06:30, slack,-
2020-02-08 08:48, ebb,-1.4
2020-02-08 14:18, slack,-
2020-02-08 20:12, ebb,-3.6
2020-02-09 00:12, slack,-
2020-02-09 03:48, flood,3.8
2020-02-09 07:06, slack,-
2020-02-09 09:30, ebb,-1.6
2020-02-09 14:00, slack,-
2020-02-09 15:18, flood,0.2
2020-02-09 16:24, slack,-
2020-02-09 20:54, ebb,-3.6
2020-02-10 00:54, slack,-
2020-02-10 04:30, flood,3.8
2020-02-10 07:42, slack,-
2020-02-10 10:18, ebb,-1.9
2020-02-10 14:30, slack,-
2020-02-10 16:12, flood,0.5
2020-02-10 17:36, slack,-
2020-02-10 21:42, ebb,-3.4
2020-02-11 01:36, slack,-
2020-02-11 05:12, flood,3.7
2020-02-11 08:18, slack,-
2020-02-11 11:12, ebb,-2.2
2020-02-11 15:12, slack,-
2020-02-11 17:12, flood,0.8
2020-02-11 18:48, slack,-
2020-02-11 22:36, ebb,-3.0
2020-02-12 02:24, slack,-
2020-02-12 05:54, flood,3.4
2020-02-12 08:54, slack,-
2020-02-12 12:00, ebb,-2.5
2020-02-12 16:00, slack,-
2020-02-12 18:12, flood,1.1
2020-02-12 20:06, slack,-
2020-02-12 23:36, ebb,-2.5
2020-02-13 03:06, slack,-
2020-02-13 06:30, flood,2.8
2020-02-13 09:24, slack,-
2020-02-13 12:48, ebb,-2.8
2020-02-13 16:48, slack,-
2020-02-13 19:12, flood,1.4
2020-02-13 21:30, slack,-
2020-02-14 00:42, ebb,-1.8
2020-02-14 04:00, slack,-
2020-02-14 07:06, flood,2.1
2020-02-14 09:48, slack,-
2020-02-14 13:42, ebb,-3.0
2020-02-14 17:36, slack,-
2020-02-14 20:18, flood,1.7
2020-02-14 23:06, slack,-
2020-02-15 02:06, ebb,-1.3
2020-02-15 04:54, slack,-
2020-02-15 07:48, flood,1.3
2020-02-15 10:12, slack,-
2020-02-15 14:36, ebb,-3.1
2020-02-15 18:24, slack,-
2020-02-15 21:30, flood,2.1
2020-02-16 01:00, slack,-
2020-02-16 03:36, ebb,-0.9
2020-02-16 06:24, slack,-
2020-02-16 08:30, flood,0.5
2020-02-16 10:18, slack,-
2020-02-16 15:30, ebb,-3.1
2020-02-16 19:18, slack,-
2020-02-16 22:36, flood,2.5
2020-02-17 02:48, slack,-
2020-02-17 04:54, ebb,-0.8
2020-02-17 09:18, ebb,-0.2
2020-02-17 16:24, ebb,-3.1
2020-02-17 20:12, slack,-
2020-02-17 23:42, flood,2.8
2020-02-18 04:00, slack,-
2020-02-18 06:12, ebb,-0.8
2020-02-18 11:24, ebb,-0.7
2020-02-18 17:24, ebb,-3.0
2020-02-18 21:06, slack,-
2020-02-19 00:48, flood,3.0
2020-02-19 04:54, slack,-
2020-02-19 09:48, ebb,-1.0
2020-02-19 13:00, ebb,-0.7
2020-02-19 18:18, ebb,-3.0
2020-02-19 22:00, slack,-
2020-02-20 01:36, flood,3.2
2020-02-20 05:36, slack,-
2020-02-20 10:24, ebb,-1.1
2020-02-20 13:54, ebb,-0.5
2020-02-20 19:12, ebb,-3.0
2020-02-20 22:54, slack,-
2020-02-21 02:24, flood,3.2
2020-02-21 06:06, slack,-
2020-02-21 08:30, ebb,-1.1
2020-02-21 14:36, ebb,-0.2
2020-02-21 19:54, ebb,-3.0
2020-02-21 23:42, slack,-
2020-02-22 03:06, flood,3.1
2020-02-22 06:36, slack,-
2020-02-22 09:00, ebb,-1.2
2020-02-22 15:12, slack,-
2020-02-22 20:36, ebb,-2.9
2020-02-23 00:24, slack,-
2020-02-23 03:42, flood,3.0
2020-02-23 07:00, slack,-
2020-02-23 09:30, ebb,-1.4
2020-02-23 14:54, slack,-
2020-02-23 15:42, flood,0.1
2020-02-23 16:30, slack,-
2020-02-23 21:12, ebb,-2.8
2020-02-24 01:00, slack,-
2020-02-24 04:18, flood,2.9
2020-02-24 07:24, slack,-
2020-02-24 10:06, ebb,-1.6
2020-02-24 15:00, slack,-
2020-02-24 16:18, flood,0.3
2020-02-24 17:24, slack,-
2020-02-24 21:48, ebb,-2.6
2020-02-25 01:30, slack,-
2020-02-25 04:48, flood,2.8
2020-02-25 07:48, slack,-
2020-02-25 10:48, ebb,-1.8
2020-02-25 15:18, slack,-
2020-02-25 16:54, flood,0.4
2020-02-25 18:18, slack,-
2020-02-25 22:18, ebb,-2.3
2020-02-26 02:00, slack,-
2020-02-26 05:24, flood,2.6
2020-02-26 08:12, slack,-
2020-02-26 11:30, ebb,-2.1
2020-02-26 15:42, slack,-
2020-02-26 17:36, flood,0.6
2020-02-26 19:12, slack,-
2020-02-26 22:48, ebb,-2.0
2020-02-27 02:30, slack,-
2020-02-27 05:54, flood,2.3
2020-02-27 08:42, slack,-
2020-02-27 12:06, ebb,-2.2
2020-02-27 16:12, slack,-
2020-02-27 18:18, flood,0.8
2020-02-27 20:12, slack,-
2020-02-27 23:30, ebb,-1.7
2020-02-28 03:06, slack,-
2020-02-28 06:18, flood,1.9
2020-02-28 09:00, slack,-
2020-02-28 12:42, ebb,-2.3
2020-02-28 16:48, slack,-
2020-02-28 19:00, flood,1.1
2020-02-28 21:18, slack,-
2020-02-29 00:12, ebb,-1.3
2020-02-29 03:48, slack,-
2020-02-29 06:48, flood,1.3
2020-02-29 09:18, slack,-
2020-02-29 13:18, ebb,-2.3
2020-02-29 17:18, slack,-
2020-02-29 19:54, flood,1.3
2020-02-29 22:36, slack,-
2020-03-01 01:36, ebb,-1.0
2020-03-01 04:42, slack,-
2020-03-01 07:06, flood,0.8
2020-03-01 09:24, slack,-
2020-03-01 13:54, ebb,-2.2
2020-03-01 18:00, slack,-
2020-03-01 20:54, flood,1.5
2020-03-02 00:00, slack,-
2020-03-02 03:12, ebb,-0.8
2020-03-02 05:54, slack,-
2020-03-02 07:30, flood,0.3
2020-03-02 09:00, slack,-
2020-03-02 14:48, ebb,-2.1
2020-03-02 18:42, slack,-
2020-03-02 21:54, flood,1.7
2020-03-03 01:36, slack,-
2020-03-03 04:18, ebb,-0.7
2020-03-03 07:42, ebb,-0.1
2020-03-03 15:48, ebb,-2.2
2020-03-03 19:36, slack,-
2020-03-03 23:06, flood,2.0
2020-03-04 02:54, slack,-
2020-03-04 05:18, ebb,-0.8
2020-03-04 08:24, ebb,-0.4
2020-03-04 16:48, ebb,-2.3
2020-03-04 20:30, slack,-
2020-03-05 00:12, flood,2.3
2020-03-05 03:54, slack,-
2020-03-05 06:18, ebb,-0.9
2020-03-05 09:24, ebb,-0.5
2020-03-05 17:48, ebb,-2.5
2020-03-05 21:24, slack,-
2020-03-06 01:06, flood,2.7
2020-03-06 04:36, slack,-
2020-03-06 07:00, ebb,-1.1
2020-03-06 12:42, ebb,-0.4
2020-03-06 18:36, ebb,-2.8
2020-03-06 22:18, slack,-
2020-03-07 01:54, flood,3.0
2020-03-07 05:18, slack,-
2020-03-07 07:42, ebb,-1.4
2020-03-07 13:42, slack,-
2020-03-07 19:24, ebb,-3.1
2020-03-07 23:06, slack,-
2020-03-08 03:36, flood,3.3
2020-03-08 06:48, slack,-
2020-03-08 09:24, ebb,-1.8
2020-03-08 13:42, slack,-
2020-03-08 15:30, flood,0.4
2020-03-08 16:54, slack,-
2020-03-08 21:06, ebb,-3.3
2020-03-09 00:48, slack,-
2020-03-09 04:18, flood,3.4
2020-03-09 07:24, slack,-
2020-03-09 10:06, ebb,-2.2
2020-03-09 14:06, slack,-
2020-03-09 16:18, flood,0.9
2020-03-09 18:06, slack,-
2020-03-09 21:48, ebb,-3.3
2020-03-10 01:36, slack,-
2020-03-10 05:00, flood,3.4
2020-03-10 07:54, slack,-
2020-03-10 10:48, ebb,-2.6
2020-03-10 14:42, slack,-
2020-03-10 17:12, flood,1.4
2020-03-10 19:12, slack,-
2020-03-10 22:42, ebb,-3.1
2020-03-11 02:18, slack,-
2020-03-11 05:42, flood,3.1
2020-03-11 08:24, slack,-
2020-03-11 11:30, ebb,-3.0
2020-03-11 15:18, slack,-
2020-03-11 18:06, flood,1.9
2020-03-11 20:24, slack,-
2020-03-11 23:36, ebb,-2.7
2020-03-12 03:06, slack,-
2020-03-12 06:18, flood,2.6
2020-03-12 08:54, slack,-
2020-03-12 12:18, ebb,-3.3
2020-03-12 16:06, slack,-
2020-03-12 19:00, flood,2.3
2020-03-12 21:36, slack,-
2020-03-13 00:36, ebb,-2.2
2020-03-13 04:00, slack,-
2020-03-13 07:00, flood,2.0
2020-03-13 09:18, slack,-
2020-03-13 13:00, ebb,-3.4
2020-03-13 16:48, slack,-
2020-03-13 19:48, flood,2.7
2020-03-13 22:54, slack,-
2020-03-14 01:42, ebb,-1.7
2020-03-14 05:06, slack,-
2020-03-14 07:36, flood,1.2
2020-03-14 09:42, slack,-
2020-03-14 13:48, ebb,-3.3
2020-03-14 17:36, slack,-
2020-03-14 20:48, flood,2.8
2020-03-15 00:18, slack,-
2020-03-15 03:06, ebb,-1.3
2020-03-15 06:36, slack,-
2020-03-15 08:12, flood,0.4
2020-03-15 09:42, slack,-
2020-03-15 14:42, ebb,-3.1
2020-03-15 18:30, slack,-
2020-03-15 21:54, flood,2.9
2020-03-16 01:48, slack,-
2020-03-16 04:24, ebb,-1.1
2020-03-16 09:00, ebb,-0.3
2020-03-16 15:54, ebb,-2.8
2020-03-16 19:24, slack,-
2020-03-16 23:00, flood,2.8
2020-03-17 03:12, slack,-
2020-03-17 05:42, ebb,-1.0
2020-03-17 10:00, ebb,-0.8
2020-03-17 17:00, ebb,-2.5
2020-03-17 20:30, slack,-
2020-03-18 00:06, flood,2.7
2020-03-18 04:24, slack,-
2020-03-18 09:30, ebb,-1.1
2020-03-18 12:54, ebb,-0.8
2020-03-18 18:06, ebb,-2.4
2020-03-18 21:42, slack,-
2020-03-19 01:18, flood,2.6
2020-03-19 05:12, slack,-
2020-03-19 10:18, ebb,-1.2
2020-03-19 14:12, ebb,-0.5
2020-03-19 19:12, ebb,-2.4
2020-03-19 22:48, slack,-
2020-03-20 02:12, flood,2.6
2020-03-20 05:54, slack,-
2020-03-20 08:48, ebb,-1.2
2020-03-20 10:30, ebb,-1.2
2020-03-20 15:00, ebb,-0.2
2020-03-20 20:06, ebb,-2.4
2020-03-20 23:42, slack,-
2020-03-21 03:00, flood,2.6
2020-03-21 06:24, slack,-
2020-03-21 09:00, ebb,-1.3
2020-03-21 14:48, slack,-
2020-03-21 15:30, flood,0.1
2020-03-21 16:18, slack,-
2020-03-21 20:48, ebb,-2.5
2020-03-22 00:24, slack,-
2020-03-22 03:42, flood,2.6
2020-03-22 06:48, slack,-
2020-03-22 09:30, ebb,-1.5
2020-03-22 14:42, slack,-
2020-03-22 16:06, flood,0.4
2020-03-22 17:18, slack,-
2020-03-22 21:24, ebb,-2.4
2020-03-23 01:00, slack,-
2020-03-23 04:12, flood,2.5
2020-03-23 07:06, slack,-
2020-03-23 10:00, ebb,-1.8
2020-03-23 14:42, slack,-
2020-03-23 16:36, flood,0.6
2020-03-23 18:06, slack,-
2020-03-23 22:00, ebb,-2.3
2020-03-24 01:30, slack,-
2020-03-24 04:42, flood,2.4
2020-03-24 07:30, slack,-
2020-03-24 10:30, ebb,-2.1
2020-03-24 14:48, slack,-
2020-03-24 17:06, flood,0.9
2020-03-24 19:00, slack,-
2020-03-24 22:30, ebb,-2.2
2020-03-25 02:00, slack,-
2020-03-25 05:12, flood,2.2
2020-03-25 07:48, slack,-
2020-03-25 11:00, ebb,-2.4
2020-03-25 15:06, slack,-
2020-03-25 17:42, flood,1.3
2020-03-25 19:48, slack,-
2020-03-25 23:06, ebb,-2.0
2020-03-26 02:30, slack,-
2020-03-26 05:42, flood,1.9
2020-03-26 08:12, slack,-
2020-03-26 11:36, ebb,-2.6
2020-03-26 15:30, slack,-
2020-03-26 18:18, flood,1.6
2020-03-26 20:36, slack,-
2020-03-26 23:42, ebb,-1.8
2020-03-27 03:12, slack,-
2020-03-27 06:12, flood,1.6
2020-03-27 08:30, slack,-
2020-03-27 12:00, ebb,-2.6
2020-03-27 16:00, slack,-
2020-03-27 18:54, flood,1.9
2020-03-27 21:36, slack,-
2020-03-28 00:30, ebb,-1.6
2020-03-28 04:00, slack,-
2020-03-28 06:36, flood,1.1
2020-03-28 08:48, slack,-
2020-03-28 12:24, ebb,-2.6
2020-03-28 16:30, slack,-
2020-03-28 19:36, flood,2.1
2020-03-28 22:30, slack,-
2020-03-29 01:18, ebb,-1.4
2020-03-29 05:00, slack,-
2020-03-29 07:00, flood,0.6
2020-03-29 08:48, slack,-
2020-03-29 12:48, ebb,-2.5
2020-03-29 17:06, slack,-
2020-03-29 20:18, flood,2.2
2020-03-29 23:36, slack,-
2020-03-30 02:30, ebb,-1.1
2020-03-30 06:18, slack,-
2020-03-30 07:24, flood,0.1
2020-03-30 08:24, slack,-
2020-03-30 13:12, ebb,-2.3
2020-03-30 17:54, slack,-
2020-03-30 21:12, flood,2.2
2020-03-31 00:42, slack,-
2020-03-31 03:48, ebb,-0.9
2020-03-31 07:36, ebb,-0.2
2020-03-31 13:48, ebb,-2.1
2020-03-31 18:42, slack,-
2020-03-31 22:12, flood,2.1
2020-04-01 01:54, slack,-
2020-04-01 04:54, ebb,-0.9
2020-04-01 08:00, ebb,-0.4
2020-04-01 14:54, ebb,-1.9
2020-04-01 19:48, slack,-
2020-04-01 23:24, flood,2.1
2020-04-02 03:12, slack,-
2020-04-02 05:54, ebb,-0.9
2020-04-02 08:48, ebb,-0.6
2020-04-02 17:12, ebb,-2.0
2020-04-02 20:54, slack,-
2020-04-03 00:36, flood,2.2
2020-04-03 04:12, slack,-
2020-04-03 06:48, ebb,-1.1
2020-04-03 10:42, ebb,-0.6
2020-04-03 18:24, ebb,-2.2
2020-04-03 21:54, slack,-
2020-04-04 01:36, flood,2.5
2020-04-04 04:54, slack,-
2020-04-04 07:36, ebb,-1.4
2020-04-04 13:54, ebb,-0.2
2020-04-04 19:24, ebb,-2.4
2020-04-04 22:48, slack,-
2020-04-05 02:24, flood,2.7
2020-04-05 05:30, slack,-
2020-04-05 08:18, ebb,-1.9
2020-04-05 13:00, slack,-
2020-04-05 14:42, flood,0.4
2020-04-05 16:06, slack,-
2020-04-05 20:12, ebb,-2.7
2020-04-05 23:36, slack,-
2020-04-06 03:06, flood,2.8
2020-04-06 06:00, slack,-
2020-04-06 08:54, ebb,-2.4
2020-04-06 13:00, slack,-
2020-04-06 15:30, flood,1.1
2020-04-06 17:24, slack,-
2020-04-06 20:54, ebb,-2.8
2020-04-07 00:24, slack,-
2020-04-07 03:48, flood,2.8
2020-04-07 06:30, slack,-
2020-04-07 09:30, ebb,-3.0
2020-04-07 13:24, slack,-
2020-04-07 16:18, flood,1.9
2020-04-07 18:36, slack,-
2020-04-07 21:42, ebb,-2.7
2020-04-08 01:12, slack,-
2020-04-08 04:24, flood,2.6
2020-04-08 07:00, slack,-
2020-04-08 10:12, ebb,-3.5
2020-04-08 14:00, slack,-
2020-04-08 17:06, flood,2.6
2020-04-08 19:42, slack,-
2020-04-08 22:36, ebb,-2.5
2020-04-09 02:06, slack,-
2020-04-09 05:06, flood,2.1
2020-04-09 07:24, slack,-
2020-04-09 10:48, ebb,-3.8
2020-04-09 14:36, slack,-
2020-04-09 17:54, flood,3.2
2020-04-09 20:48, slack,-
2020-04-09 23:36, ebb,-2.2
2020-04-10 03:06, slack,-
2020-04-10 05:42, flood,1.6
2020-04-10 07:48, slack,-
2020-04-10 11:30, ebb,-3.8
2020-04-10 15:18, slack,-
2020-04-10 18:42, flood,3.6
2020-04-10 21:48, slack,-
2020-04-11 00:36, ebb,-2.0
2020-04-11 04:18, slack,-
2020-04-11 06:24, flood,0.9
2020-04-11 08:06, slack,-
2020-04-11 12:12, ebb,-3.7
2020-04-11 16:00, slack,-
2020-04-11 19:30, flood,3.7
2020-04-11 22:54, slack,-
2020-04-12 01:42, ebb,-1.7
2020-04-12 05:54, slack,-
2020-04-12 07:06, flood,0.3
2020-04-12 08:12, slack,-
2020-04-12 12:54, ebb,-3.4
2020-04-12 16:48, slack,-
2020-04-12 20:18, flood,3.6
2020-04-13 00:06, slack,-
2020-04-13 02:54, ebb,-1.4
2020-04-13 07:48, ebb,-0.3
2020-04-13 13:48, ebb,-2.8
2020-04-13 17:42, slack,-
2020-04-13 21:18, flood,3.2
2020-04-14 01:18, slack,-
2020-04-14 04:18, ebb,-1.3
2020-04-14 08:36, ebb,-0.7
2020-04-14 15:18, ebb,-2.3
2020-04-14 18:48, slack,-
2020-04-14 22:24, flood,2.8
2020-04-15 02:30, slack,-
2020-04-15 05:24, ebb,-1.2
2020-04-15 10:48, ebb,-1.0
2020-04-15 16:42, ebb,-2.0
2020-04-15 19:54, slack,-
2020-04-15 23:30, flood,2.4
2020-04-16 03:36, slack,-
2020-04-16 06:36, ebb,-1.2
2020-04-16 08:36, ebb,-1.2
2020-04-16 13:06, ebb,-0.7
2020-04-16 17:54, ebb,-1.9
2020-04-16 21:12, slack,-
2020-04-17 00:42, flood,2.2
2020-04-17 04:24, slack,-
2020-04-17 08:48, ebb,-1.3
2020-04-17 14:12, ebb,-0.3
2020-04-17 18:54, ebb,-1.9
2020-04-17 22:18, slack,-
2020-04-18 01:42, flood,2.1
2020-04-18 05:00, slack,-
2020-04-18 08:06, ebb,-1.5
2020-04-18 14:00, slack,-
2020-04-18 14:48, flood,0.1
2020-04-18 15:36, slack,-
2020-04-18 19:48, ebb,-1.9
2020-04-18 23:12, slack,-
2020-04-19 02:24, flood,2.1
2020-04-19 05:24, slack,-
2020-04-19 08:24, ebb,-1.8
2020-04-19 13:48, slack,-
2020-04-19 15:18, flood,0.5
2020-04-19 16:54, slack,-
2020-04-19 20:30, ebb,-1.8
2020-04-19 23:54, slack,-
2020-04-20 03:00, flood,2.0
2020-04-20 05:48, slack,-
2020-04-20 08:54, ebb,-2.1
2020-04-20 13:42, slack,-
2020-04-20 15:48, flood,0.9
2020-04-20 17:48, slack,-
2020-04-20 21:06, ebb,-1.8
2020-04-21 00:24, slack,-
2020-04-21 03:36, flood,1.9
2020-04-21 06:06, slack,-
2020-04-21 09:24, ebb,-2.5
2020-04-21 13:42, slack,-
2020-04-21 16:18, flood,1.3
2020-04-21 18:30, slack,-
2020-04-21 21:36, ebb,-1.8
2020-04-22 01:00, slack,-
2020-04-22 04:00, flood,1.7
2020-04-22 06:24, slack,-
2020-04-22 09:48, ebb,-2.8
2020-04-22 13:54, slack,-
2020-04-22 16:48, flood,1.7
2020-04-22 19:18, slack,-
2020-04-22 22:12, ebb,-1.7
2020-04-23 01:36, slack,-
2020-04-23 04:30, flood,1.4
2020-04-23 06:42, slack,-
2020-04-23 10:18, ebb,-3.0
2020-04-23 14:12, slack,-
2020-04-23 17:18, flood,2.2
2020-04-23 20:00, slack,-
2020-04-23 22:54, ebb,-1.7
2020-04-24 02:18, slack,-
2020-04-24 05:00, flood,1.1
2020-04-24 07:00, slack,-
2020-04-24 10:36, ebb,-3.0
2020-04-24 14:36, slack,-
2020-04-24 17:54, flood,2.6
2020-04-24 20:48, slack,-
2020-04-24 23:36, ebb,-1.6
2020-04-25 03:18, slack,-
2020-04-25 05:30, flood,0.7
2020-04-25 07:12, slack,-
2020-04-25 11:06, ebb,-3.0
2020-04-25 15:06, slack,-
2020-04-25 18:30, flood,2.9
2020-04-25 21:36, slack,-
2020-04-26 00:24, ebb,-1.5
2020-04-26 04:30, slack,-
2020-04-26 06:00, flood,0.3
2020-04-26 07:18, slack,-
2020-04-26 11:24, ebb,-2.9
2020-04-26 15:42, slack,-
2020-04-26 19:12, flood,3.0
2020-04-26 22:30, slack,-
2020-04-27 01:18, ebb,-1.4
2020-04-27 06:30, slack,-
2020-04-27 11:54, ebb,-2.8
2020-04-27 16:24, slack,-
2020-04-27 19:54, flood,2.9
2020-04-27 23:24, slack,-
2020-04-28 02:12, ebb,-1.2
2020-04-28 06:54, ebb,-0.3
2020-04-28 12:30, ebb,-2.5
2020-04-28 17:12, slack,-
2020-04-28 20:48, flood,2.7
2020-04-29 00:24, slack,-
2020-04-29 03:24, ebb,-1.1
2020-04-29 07:12, ebb,-0.5
2020-04-29 13:06, ebb,-2.3
2020-04-29 18:06, slack,-
2020-04-29 21:48, flood,2.5
2020-04-30 01:24, slack,-
2020-04-30 04:36, ebb,-1.1
2020-04-30 07:48, ebb,-0.6
2020-04-30 14:06, ebb,-1.9
2020-04-30 19:06, slack,-
2020-04-30 22:48, flood,2.3
2020-05-01 02:30, slack,-
2020-05-01 05:36, ebb,-1.2
2020-05-01 09:24, ebb,-0.7
2020-05-01 16:42, ebb,-1.7
2020-05-01 20:12, slack,-
2020-05-01 23:54, flood,2.2
2020-05-02 03:18, slack,-
2020-05-02 06:24, ebb,-1.5
2020-05-02 12:36, ebb,-0.4
2020-05-02 18:00, ebb,-1.8
2020-05-02 21:12, slack,-
2020-05-03 00:54, flood,2.2
2020-05-03 04:00, slack,-
2020-05-03 07:12, ebb,-2.0
2020-05-03 12:24, slack,-
2020-05-03 13:48, flood,0.3
2020-05-03 15:00, slack,-
2020-05-03 19:00, ebb,-1.9
2020-05-03 22:12, slack,-
2020-05-04 01:48, flood,2.2
2020-05-04 04:30, slack,-
2020-05-04 07:48, ebb,-2.6
2020-05-04 12:12, slack,-
2020-05-04 14:36, flood,1.1
2020-05-04 16:42, slack,-
2020-05-04 20:00, ebb,-2.0
2020-05-04 23:06, slack,-
2020-05-05 02:30, flood,2.1
2020-05-05 05:00, slack,-
2020-05-05 08:24, ebb,-3.2
2020-05-05 12:24, slack,-
2020-05-05 15:24, flood,2.1
2020-05-05 17:54, slack,-
2020-05-05 20:48, ebb,-2.0
2020-05-06 00:00, slack,-
2020-05-06 03:12, flood,1.9
2020-05-06 05:30, slack,-
2020-05-06 09:00, ebb,-3.8
2020-05-06 12:54, slack,-
2020-05-06 16:06, flood,2.9
2020-05-06 19:00, slack,-
2020-05-06 21:42, ebb,-2.0
2020-05-07 01:00, slack,-
2020-05-07 03:48, flood,1.5
2020-05-07 05:54, slack,-
2020-05-07 09:36, ebb,-4.1
2020-05-07 13:24, slack,-
2020-05-07 16:48, flood,3.6
2020-05-07 20:00, slack,-
2020-05-07 22:30, ebb,-2.0
2020-05-08 02:12, slack,-
2020-05-08 04:30, flood,1.0
2020-05-08 06:18, slack,-
2020-05-08 10:12, ebb,-4.2
2020-05-08 14:00, slack,-
2020-05-08 17:36, flood,4.1
2020-05-08 20:54, slack,-
2020-05-08 23:30, ebb,-1.9
2020-05-09 03:36, slack,-
2020-05-09 05:18, flood,0.5
2020-05-09 06:36, slack,-
2020-05-09 10:54, ebb,-4.1
2020-05-09 14:42, slack,-
2020-05-09 18:18, flood,4.3
2020-05-09 21:48, slack,-
2020-05-10 00:30, ebb,-1.8
2020-05-10 05:30, slack,-
2020-05-10 11:30, ebb,-3.7
2020-05-10 15:30, slack,-
2020-05-10 19:06, flood,4.2
2020-05-10 22:48, slack,-
2020-05-11 01:30, ebb,-1.6
2020-05-11 06:42, ebb,-0.3
2020-05-11 12:18, ebb,-3.2
2020-05-11 16:18, slack,-
2020-05-11 19:54, flood,3.8
2020-05-11 23:42, slack,-
2020-05-12 02:36, ebb,-1.5
2020-05-12 07:24, ebb,-0.6
2020-05-12 13:12, ebb,-2.6
2020-05-12 17:12, slack,-
2020-05-12 20:48, flood,3.3
2020-05-13 00:42, slack,-
2020-05-13 03:48, ebb,-1.4
2020-05-13 08:24, ebb,-0.9
2020-05-13 14:48, ebb,-2.0
2020-05-13 18:12, slack,-
2020-05-13 21:48, flood,2.7
2020-05-14 01:42, slack,-
2020-05-14 04:54, ebb,-1.4
2020-05-14 10:36, ebb,-0.9
2020-05-14 16:12, ebb,-1.7
2020-05-14 19:18, slack,-
2020-05-14 22:48, flood,2.3
2020-05-15 02:42, slack,-
2020-05-15 05:54, ebb,-1.4
2020-05-15 12:48, ebb,-0.6
2020-05-15 17:24, ebb,-1.4
2020-05-15 20:18, slack,-
2020-05-15 23:54, flood,1.9
2020-05-16 03:24, slack,-
2020-05-16 06:36, ebb,-1.6
2020-05-16 14:00, ebb,-0.1
2020-05-16 18:24, ebb,-1.3
2020-05-16 21:18, slack,-
2020-05-17 00:54, flood,1.7
2020-05-17 03:54, slack,-
2020-05-17 07:18, ebb,-1.9
2020-05-17 13:06, slack,-
2020-05-17 14:30, flood,0.3
2020-05-17 16:06, slack,-
2020-05-17 19:18, ebb,-1.2
2020-05-17 22:12, slack,-
2020-05-18 01:36, flood,1.6
2020-05-18 04:18, slack,-
2020-05-18 07:48, ebb,-2.3
2020-05-18 12:54, slack,-
2020-05-18 15:00, flood,0.8
2020-05-18 17:12, slack,-
2020-05-18 20:00, ebb,-1.2
2020-05-18 23:00, slack,-
2020-05-19 02:18, flood,1.4
2020-05-19 04:36, slack,-
2020-05-19 08:18, ebb,-2.7
2020-05-19 12:48, slack,-
2020-05-19 15:24, flood,1.4
2020-05-19 18:06, slack,-
2020-05-19 20:42, ebb,-1.2
2020-05-19 23:42, slack,-
2020-05-20 02:48, flood,1.2
2020-05-20 04:54, slack,-
2020-05-20 08:42, ebb,-3.0
2020-05-20 12:54, slack,-
2020-05-20 15:54, flood,2.0
2020-05-20 18:48, slack,-
2020-05-20 21:18, ebb,-1.3
2020-05-21 00:36, slack,-
2020-05-21 03:18, flood,0.9
2020-05-21 05:12, slack,-
2020-05-21 09:06, ebb,-3.2
2020-05-21 13:06, slack,-
2020-05-21 16:18, flood,2.5
2020-05-21 19:24, slack,-
2020-05-21 21:54, ebb,-1.4
2020-05-22 01:36, slack,-
2020-05-22 03:48, flood,0.6
2020-05-22 05:30, slack,-
2020-05-22 09:30, ebb,-3.3
2020-05-22 13:24, slack,-
2020-05-22 16:54, flood,3.0
2020-05-22 20:06, slack,-
2020-05-22 22:36, ebb,-1.5
2020-05-23 02:42, slack,-
2020-05-23 04:18, flood,0.3
2020-05-23 05:36, slack,-
2020-05-23 09:54, ebb,-3.3
2020-05-23 13:54, slack,-
2020-05-23 17:30, flood,3.3
2020-05-23 20:48, slack,-
2020-05-23 23:24, ebb,-1.5
2020-05-24 04:18, slack,-
2020-05-24 05:24, slack,-
2020-05-24 10:18, ebb,-3.3
2020-05-24 14:30, slack,-
2020-05-24 18:12, flood,3.5
2020-05-24 21:30, slack,-
2020-05-25 00:12, ebb,-1.5
2020-05-25 05:24, ebb,-0.2
2020-05-25 10:54, ebb,-3.2
2020-05-25 15:06, slack,-
2020-05-25 18:54, flood,3.5
2020-05-25 22:18, slack,-
2020-05-26 01:00, ebb,-1.4
2020-05-26 05:54, ebb,-0.3
2020-05-26 11:24, ebb,-3.0
2020-05-26 15:54, slack,-
2020-05-26 19:36, flood,3.3
2020-05-26 23:12, slack,-
2020-05-27 02:00, ebb,-1.3
2020-05-27 06:36, ebb,-0.5
2020-05-27 12:06, ebb,-2.7
2020-05-27 16:42, slack,-
2020-05-27 20:24, flood,3.0
2020-05-28 00:00, slack,-
2020-05-28 03:12, ebb,-1.2
2020-05-28 07:18, ebb,-0.6
2020-05-28 12:48, ebb,-2.4
2020-05-28 17:36, slack,-
2020-05-28 21:18, flood,2.7
2020-05-29 00:54, slack,-
2020-05-29 04:12, ebb,-1.4
2020-05-29 08:24, ebb,-0.7
2020-05-29 13:48, ebb,-1.9
2020-05-29 18:30, slack,-
2020-05-29 22:18, flood,2.5
2020-05-30 01:42, slack,-
2020-05-30 05:06, ebb,-1.7
2020-05-30 10:36, ebb,-0.5
2020-05-30 16:12, ebb,-1.5
2020-05-30 19:24, slack,-
2020-05-30 23:12, flood,2.2
2020-05-31 02:24, slack,-
2020-05-31 05:54, ebb,-2.2
2020-05-31 11:42, slack,-
2020-05-31 13:12, slack,-
2020-05-31 17:42, ebb,-1.3
2020-05-31 20:24, slack,-
2020-06-01 00:00, flood,1.9
2020-06-01 03:00, slack,-
2020-06-01 06:36, ebb,-2.7
2020-06-01 11:12, slack,-
2020-06-01 13:36, flood,1.0
2020-06-01 15:54, slack,-
2020-06-01 18:48, ebb,-1.3
2020-06-01 21:30, slack,-
2020-06-02 01:00, flood,1.6
2020-06-02 03:30, slack,-
2020-06-02 07:18, ebb,-3.3
2020-06-02 11:24, slack,-
2020-06-02 14:24, flood,2.0
2020-06-02 17:18, slack,-
2020-06-02 19:48, ebb,-1.3
2020-06-02 22:36, slack,-
2020-06-03 01:48, flood,1.2
2020-06-03 03:54, slack,-
2020-06-03 07:54, ebb,-3.8
2020-06-03 11:48, slack,-
2020-06-03 15:06, flood,2.9
2020-06-03 18:24, slack,-
2020-06-03 20:42, ebb,-1.4
2020-06-04 00:00, slack,-
2020-06-04 02:36, flood,0.9
2020-06-04 04:18, slack,-
2020-06-04 08:30, ebb,-4.2
2020-06-04 12:18, slack,-
2020-06-04 15:48, flood,3.7
2020-06-04 19:18, slack,-
2020-06-04 21:36, ebb,-1.5
2020-06-05 01:36, slack,-
2020-06-05 03:18, flood,0.5
2020-06-05 04:42, slack,-
2020-06-05 09:06, ebb,-4.3
2020-06-05 12:54, slack,-
2020-06-05 16:30, flood,4.3
2020-06-05 20:06, slack,-
2020-06-05 22:30, ebb,-1.6
2020-06-06 03:12, slack,-
2020-06-06 04:06, flood,0.1
2020-06-06 04:48, slack,-
2020-06-06 09:42, ebb,-4.2
2020-06-06 13:36, slack,-
2020-06-06 17:18, flood,4.5
2020-06-06 20:54, slack,-
2020-06-06 23:24, ebb,-1.7
2020-06-07 04:54, ebb,-0.2
2020-06-07 10:24, ebb,-4.0
2020-06-07 14:18, slack,-
2020-06-07 18:00, flood,4.5
2020-06-07 21:42, slack,-
2020-06-08 00:18, ebb,-1.6
2020-06-08 05:42, ebb,-0.4
2020-06-08 11:06, ebb,-3.5
2020-06-08 15:06, slack,-
2020-06-08 18:48, flood,4.2
2020-06-08 22:30, slack,-
2020-06-09 01:12, ebb,-1.5
2020-06-09 06:30, ebb,-0.5
2020-06-09 11:54, ebb,-3.0
2020-06-09 15:54, slack,-
2020-06-09 19:30, flood,3.7
2020-06-09 23:18, slack,-
2020-06-10 02:06, ebb,-1.5
2020-06-10 07:12, ebb,-0.6
2020-06-10 12:54, ebb,-2.5
2020-06-10 16:48, slack,-
2020-06-10 20:18, flood,3.2
2020-06-11 00:06, slack,-
2020-06-11 03:18, ebb,-1.4
2020-06-11 08:12, ebb,-0.7
2020-06-11 14:00, ebb,-1.9
2020-06-11 17:36, slack,-
2020-06-11 21:12, flood,2.7
2020-06-12 00:48, slack,-
2020-06-12 04:18, ebb,-1.6
2020-06-12 09:54, ebb,-0.8
2020-06-12 15:30, ebb,-1.4
2020-06-12 18:24, slack,-
2020-06-12 22:00, flood,2.2
2020-06-13 01:30, slack,-
2020-06-13 05:06, ebb,-1.8
2020-06-13 11:42, ebb,-0.5
2020-06-13 16:42, ebb,-1.1
2020-06-13 19:12, slack,-
2020-06-13 22:54, flood,1.8
2020-06-14 02:06, slack,-
2020-06-14 05:48, ebb,-2.0
2020-06-14 13:12, slack,-
2020-06-14 17:42, ebb,-0.8
2020-06-14 20:00, slack,-
2020-06-14 23:36, flood,1.4
2020-06-15 02:36, slack,-
2020-06-15 06:24, ebb,-2.3
2020-06-15 11:54, slack,-
2020-06-15 13:54, flood,0.5
2020-06-15 16:18, slack,-
2020-06-15 18:36, ebb,-0.7
2020-06-15 20:54, slack,-
2020-06-16 00:24, flood,1.1
2020-06-16 03:00, slack,-
2020-06-16 07:06, ebb,-2.7
2020-06-16 11:42, slack,-
2020-06-16 14:24, flood,1.2
2020-06-16 17:24, slack,-
2020-06-16 19:30, ebb,-0.7
2020-06-16 21:54, slack,-
2020-06-17 01:12, flood,0.8
2020-06-17 03:18, slack,-
2020-06-17 07:36, ebb,-2.9
2020-06-17 11:48, slack,-
2020-06-17 14:54, flood,1.8
2020-06-17 18:06, slack,-
2020-06-17 20:18, ebb,-0.9
2020-06-17 23:18, slack,-
2020-06-18 02:00, flood,0.5
2020-06-18 03:36, slack,-
2020-06-18 08:06, ebb,-3.1
2020-06-18 12:00, slack,-
2020-06-18 15:24, flood,2.5
2020-06-18 18:42, slack,-
2020-06-18 21:00, ebb,-1.1
2020-06-19 01:00, slack,-
2020-06-19 02:36, flood,0.2
2020-06-19 03:42, slack,-
2020-06-19 08:30, ebb,-3.3
2020-06-19 12:24, slack,-
2020-06-19 15:54, flood,3.0
2020-06-19 19:18, slack,-
2020-06-19 21:42, ebb,-1.2
2020-06-20 02:42, slack,-
2020-06-20 09:00, ebb,-3.4
2020-06-20 12:54, slack,-
2020-06-20 16:30, flood,3.4
2020-06-20 19:54, slack,-
2020-06-20 22:24, ebb,-1.3
2020-06-21 03:42, ebb,-0.1
2020-06-21 09:24, ebb,-3.5
2020-06-21 13:24, slack,-
2020-06-21 17:12, flood,3.7
2020-06-21 20:36, slack,-
2020-06-21 23:06, ebb,-1.4
2020-06-22 04:12, ebb,-0.2
2020-06-22 09:54, ebb,-3.4
2020-06-22 14:06, slack,-
2020-06-22 17:54, flood,3.8
2020-06-22 21:18, slack,-
2020-06-22 23:54, ebb,-1.4
2020-06-23 04:54, ebb,-0.3
2020-06-23 10:30, ebb,-3.4
2020-06-23 14:54, slack,-
2020-06-23 18:36, flood,3.7
2020-06-23 22:06, slack,-
2020-06-24 00:42, ebb,-1.4
2020-06-24 05:48, ebb,-0.3
2020-06-24 11:18, ebb,-3.2
2020-06-24 15:36, slack,-
2020-06-24 19:18, flood,3.5
2020-06-24 22:48, slack,-
2020-06-25 01:36, ebb,-1.4
2020-06-25 06:42, ebb,-0.3
2020-06-25 12:00, ebb,-2.8
2020-06-25 16:24, slack,-
2020-06-25 20:06, flood,3.2
2020-06-25 23:36, slack,-
2020-06-26 02:42, ebb,-1.6
2020-06-26 07:42, ebb,-0.3
2020-06-26 12:48, ebb,-2.4
2020-06-26 17:12, slack,-
2020-06-26 20:48, flood,2.9
2020-06-27 00:12, slack,-
2020-06-27 03:36, ebb,-1.9
2020-06-27 09:00, ebb,-0.2
2020-06-27 13:48, ebb,-1.8
2020-06-27 17:54, slack,-
2020-06-27 21:36, flood,2.4
2020-06-28 00:48, slack,-
2020-06-28 04:30, ebb,-2.3
2020-06-28 09:36, slack,-
2020-06-28 10:36, flood,0.1
2020-06-28 11:42, slack,-
2020-06-28 16:00, ebb,-1.2
2020-06-28 18:42, slack,-
2020-06-28 22:24, flood,1.9
2020-06-29 01:18, slack,-
2020-06-29 05:18, ebb,-2.8
2020-06-29 09:48, slack,-
2020-06-29 12:06, flood,0.9
2020-06-29 14:30, slack,-
2020-06-29 17:24, ebb,-0.9
2020-06-29 19:42, slack,-
2020-06-29 23:06, flood,1.3
2020-06-30 01:48, slack,-
2020-06-30 06:00, ebb,-3.2
2020-06-30 10:12, slack,-
2020-06-30 13:12, flood,1.8
2020-06-30 16:30, slack,-
2020-06-30 18:36, ebb,-0.8
2020-06-30 21:06, slack,-
2020-07-01 00:00, flood,0.8
2020-07-01 02:12, slack,-
2020-07-01 06:42, ebb,-3.6
2020-07-01 10:42, slack,-
2020-07-01 14:06, flood,2.7
2020-07-01 17:42, slack,-
2020-07-01 19:48, ebb,-0.9
2020-07-01 23:12, slack,-
2020-07-02 01:12, flood,0.3
2020-07-02 02:30, slack,-
2020-07-02 07:24, ebb,-3.9
2020-07-02 11:18, slack,-
2020-07-02 14:48, flood,3.5
2020-07-02 18:36, slack,-
2020-07-02 20:42, ebb,-1.1
2020-07-03 02:12, slack,-
2020-07-03 08:06, ebb,-4.0
2020-07-03 11:54, slack,-
2020-07-03 15:30, flood,4.0
2020-07-03 19:18, slack,-
2020-07-03 21:30, ebb,-1.3
2020-07-04 03:12, ebb,-0.2
2020-07-04 08:48, ebb,-4.0
2020-07-04 12:36, slack,-
2020-07-04 16:18, flood,4.3
2020-07-04 20:00, slack,-
2020-07-04 22:18, ebb,-1.4
2020-07-05 03:54, ebb,-0.3
2020-07-05 09:30, ebb,-3.9
2020-07-05 13:18, slack,-
2020-07-05 17:00, flood,4.3
2020-07-05 20:42, slack,-
2020-07-05 23:06, ebb,-1.4
2020-07-06 04:42, ebb,-0.3
2020-07-06 10:12, ebb,-3.6
2020-07-06 14:06, slack,-
2020-07-06 17:42, flood,4.1
2020-07-06 21:18, slack,-
2020-07-06 23:54, ebb,-1.4
2020-07-07 05:30, ebb,-0.3
2020-07-07 11:00, ebb,-3.3
2020-07-07 14:54, slack,-
2020-07-07 18:24, flood,3.8
2020-07-07 22:00, slack,-
2020-07-08 00:42, ebb,-1.5
2020-07-08 06:18, ebb,-0.3
2020-07-08 11:48, ebb,-2.9
2020-07-08 15:36, slack,-
2020-07-08 19:12, flood,3.4
2020-07-08 22:42, slack,-
2020-07-09 01:36, ebb,-1.5
2020-07-09 07:00, ebb,-0.4
2020-07-09 12:30, ebb,-2.4
2020-07-09 16:18, slack,-
2020-07-09 19:48, flood,3.0
2020-07-09 23:18, slack,-
2020-07-10 02:30, ebb,-1.6
2020-07-10 07:48, ebb,-0.4
2020-07-10 13:06, ebb,-1.8
2020-07-10 17:00, slack,-
2020-07-10 20:30, flood,2.6
2020-07-10 23:48, slack,-
2020-07-11 03:24, ebb,-1.8
2020-07-11 08:54, ebb,-0.4
2020-07-11 13:54, ebb,-1.3
2020-07-11 17:30, slack,-
2020-07-11 21:06, flood,2.1
2020-07-12 00:18, slack,-
2020-07-12 04:12, ebb,-2.1
2020-07-12 10:24, ebb,-0.2
2020-07-12 15:42, ebb,-0.8
2020-07-12 18:06, slack,-
2020-07-12 21:42, flood,1.6
2020-07-13 00:48, slack,-
2020-07-13 05:00, ebb,-2.3
2020-07-13 10:24, slack,-
2020-07-13 11:42, flood,0.2
2020-07-13 13:12, slack,-
2020-07-13 16:54, ebb,-0.6
2020-07-13 18:48, slack,-
2020-07-13 22:18, flood,1.1
2020-07-14 01:06, slack,-
2020-07-14 05:36, ebb,-2.5
2020-07-14 10:18, slack,-
2020-07-14 12:42, flood,0.8
2020-07-14 15:54, slack,-
2020-07-14 18:00, ebb,-0.5
2020-07-14 19:48, slack,-
2020-07-14 22:48, flood,0.6
2020-07-15 01:24, slack,-
2020-07-15 06:18, ebb,-2.7
2020-07-15 10:24, slack,-
2020-07-15 13:30, flood,1.4
2020-07-15 17:06, slack,-
2020-07-15 19:00, ebb,-0.5
2020-07-15 21:24, slack,-
2020-07-15 23:24, flood,0.2
2020-07-16 01:24, slack,-
2020-07-16 06:54, ebb,-2.8
2020-07-16 10:48, slack,-
2020-07-16 14:12, flood,2.1
2020-07-16 17:48, slack,-
2020-07-16 19:54, ebb,-0.7
2020-07-17 00:12, ebb,-0.1
2020-07-17 07:30, ebb,-3.0
2020-07-17 11:12, slack,-
2020-07-17 14:48, flood,2.7
2020-07-17 18:24, slack,-
2020-07-17 20:36, ebb,-1.0
2020-07-18 01:54, ebb,-0.3
2020-07-18 08:00, ebb,-3.1
2020-07-18 11:48, slack,-
2020-07-18 15:24, flood,3.1
2020-07-18 19:00, slack,-
2020-07-18 21:18, ebb,-1.1
2020-07-19 02:42, ebb,-0.3
2020-07-19 08:36, ebb,-3.3
2020-07-19 12:30, slack,-
2020-07-19 16:06, flood,3.5
2020-07-19 19:36, slack,-
2020-07-19 22:00, ebb,-1.3
2020-07-20 03:18, ebb,-0.2
2020-07-20 09:12, ebb,-3.5
2020-07-20 13:12, slack,-
2020-07-20 16:48, flood,3.7
2020-07-20 20:18, slack,-
2020-07-20 22:42, ebb,-1.3
2020-07-21 04:00, ebb,-0.1
2020-07-21 09:42, ebb,-3.5
2020-07-21 13:54, slack,-
2020-07-21 17:36, flood,3.8
2020-07-21 21:00, slack,-
2020-07-21 23:24, ebb,-1.4
2020-07-22 04:54, slack,-
2020-07-22 10:30, ebb,-3.5
2020-07-22 14:36, slack,-
2020-07-22 18:18, flood,3.7
2020-07-22 21:36, slack,-
2020-07-23 00:18, ebb,-1.6
2020-07-23 05:06, slack,-
2020-07-23 06:30, slack,-
2020-07-23 11:12, ebb,-3.2
2020-07-23 15:24, slack,-
2020-07-23 18:54, flood,3.5
2020-07-23 22:12, slack,-
2020-07-24 01:12, ebb,-1.8
2020-07-24 05:42, slack,-
2020-07-24 06:48, flood,0.2
2020-07-24 07:48, slack,-
2020-07-24 12:00, ebb,-2.8
2020-07-24 16:06, slack,-
2020-07-24 19:36, flood,3.2
2020-07-24 22:48, slack,-
2020-07-25 02:00, ebb,-2.1
2020-07-25 06:24, slack,-
2020-07-25 07:48, flood,0.4
2020-07-25 09:12, slack,-
2020-07-25 12:54, ebb,-2.2
2020-07-25 16:48, slack,-
2020-07-25 20:18, flood,2.7
2020-07-25 23:18, slack,-
2020-07-26 02:54, ebb,-2.5
2020-07-26 07:06, slack,-
2020-07-26 09:00, flood,0.7
2020-07-26 10:48, slack,-
2020-07-26 14:06, ebb,-1.5
2020-07-26 17:30, slack,-
2020-07-26 20:54, flood,2.0
2020-07-26 23:48, slack,-
2020-07-27 03:42, ebb,-2.8
2020-07-27 07:48, slack,-
2020-07-27 10:18, flood,1.2
2020-07-27 12:48, slack,-
2020-07-27 15:54, ebb,-1.0
2020-07-27 18:24, slack,-
2020-07-27 21:36, flood,1.3
2020-07-28 00:12, slack,-
2020-07-28 04:36, ebb,-3.1
2020-07-28 08:36, slack,-
2020-07-28 11:30, flood,1.8
2020-07-28 15:06, slack,-
2020-07-28 17:18, ebb,-0.7
2020-07-28 19:42, slack,-
2020-07-28 22:18, flood,0.6
2020-07-29 00:24, slack,-
2020-07-29 05:24, ebb,-3.3
2020-07-29 09:18, slack,-
2020-07-29 12:42, flood,2.4
2020-07-29 16:36, slack,-
2020-07-29 18:36, ebb,-0.7
2020-07-29 23:06, slack,-
2020-07-30 06:12, ebb,-3.4
2020-07-30 10:00, slack,-
2020-07-30 13:36, flood,3.1
2020-07-30 17:36, slack,-
2020-07-30 19:42, ebb,-0.9
2020-07-31 01:00, ebb,-0.4
2020-07-31 07:00, ebb,-3.5
2020-07-31 10:48, slack,-
2020-07-31 14:30, flood,3.5
2020-07-31 18:24, slack,-
2020-07-31 20:42, ebb,-1.1
2020-08-01 02:24, ebb,-0.5
2020-08-01 07:54, ebb,-3.5
2020-08-01 11:36, slack,-
2020-08-01 15:18, flood,3.8
2020-08-01 19:06, slack,-
2020-08-01 21:24, ebb,-1.2
2020-08-02 03:18, ebb,-0.4
2020-08-02 08:42, ebb,-3.5
2020-08-02 12:24, slack,-
2020-08-02 16:00, flood,3.8
2020-08-02 19:42, slack,-
2020-08-02 22:00, ebb,-1.3
2020-08-03 04:00, ebb,-0.3
2020-08-03 09:24, ebb,-3.4
2020-08-03 13:12, slack,-
2020-08-03 16:42, flood,3.7
2020-08-03 20:18, slack,-
2020-08-03 22:42, ebb,-1.3
2020-08-04 04:42, ebb,-0.1
2020-08-04 10:12, ebb,-3.2
2020-08-04 14:00, slack,-
2020-08-04 17:24, flood,3.6
2020-08-04 20:48, slack,-
2020-08-04 23:24, ebb,-1.4
2020-08-05 05:24, slack,-
2020-08-05 10:54, ebb,-3.0
2020-08-05 14:36, slack,-
2020-08-05 18:06, flood,3.3
2020-08-05 21:24, slack,-
2020-08-06 00:06, ebb,-1.6
2020-08-06 05:30, slack,-
2020-08-06 06:36, slack,-
2020-08-06 11:30, ebb,-2.6
2020-08-06 15:12, slack,-
2020-08-06 18:42, flood,3.0
2020-08-06 21:54, slack,-
2020-08-07 00:54, ebb,-1.8
2020-08-07 05:54, slack,-
2020-08-07 06:48, flood,0.1
2020-08-07 07:36, slack,-
2020-08-07 12:06, ebb,-2.2
2020-08-07 15:48, slack,-
2020-08-07 19:12, flood,2.7
2020-08-07 22:18, slack,-
2020-08-08 01:42, ebb,-2.0
2020-08-08 06:24, slack,-
2020-08-08 07:30, flood,0.2
2020-08-08 08:30, slack,-
2020-08-08 12:36, ebb,-1.7
2020-08-08 16:18, slack,-
2020-08-08 19:42, flood,2.3
2020-08-08 22:48, slack,-
2020-08-09 02:24, ebb,-2.1
2020-08-09 07:00, slack,-
2020-08-09 08:18, flood,0.3
2020-08-09 09:42, slack,-
2020-08-09 13:12, ebb,-1.3
2020-08-09 16:48, slack,-
2020-08-09 20:12, flood,1.8
2020-08-09 23:06, slack,-
2020-08-10 03:12, ebb,-2.2
2020-08-10 07:30, slack,-
2020-08-10 09:18, flood,0.5
2020-08-10 11:12, slack,-
2020-08-10 14:30, ebb,-0.8
2020-08-10 17:30, slack,-
2020-08-10 20:42, flood,1.3
2020-08-10 23:24, slack,-
2020-08-11 04:00, ebb,-2.3
2020-08-11 08:00, slack,-
2020-08-11 10:24, flood,0.8
2020-08-11 13:00, slack,-
2020-08-11 16:12, ebb,-0.6
2020-08-11 18:18, slack,-
2020-08-11 20:54, flood,0.7
2020-08-11 23:30, slack,-
2020-08-12 04:42, ebb,-2.3
2020-08-12 08:36, slack,-
2020-08-12 11:24, flood,1.2
2020-08-12 15:00, slack,-
2020-08-12 17:24, ebb,-0.5
2020-08-12 19:36, slack,-
2020-08-12 21:24, flood,0.2
2020-08-12 23:12, slack,-
2020-08-13 05:24, ebb,-2.3
2020-08-13 09:12, slack,-
2020-08-13 12:30, flood,1.6
2020-08-13 16:18, slack,-
2020-08-13 18:30, ebb,-0.6
2020-08-13 21:48, ebb,-0.1
2020-08-14 06:12, ebb,-2.4
2020-08-14 09:54, slack,-
2020-08-14 13:30, flood,2.1
2020-08-14 17:12, slack,-
2020-08-14 19:24, ebb,-0.8
2020-08-14 22:36, ebb,-0.4
2020-08-15 06:54, ebb,-2.6
2020-08-15 10:36, slack,-
2020-08-15 14:18, flood,2.6
2020-08-15 17:54, slack,-
2020-08-15 20:12, ebb,-1.0
2020-08-15 23:42, ebb,-0.5
2020-08-16 07:42, ebb,-2.9
2020-08-16 11:24, slack,-
2020-08-16 15:00, flood,3.0
2020-08-16 18:36, slack,-
2020-08-16 20:54, ebb,-1.1
2020-08-17 02:24, ebb,-0.3
2020-08-17 08:24, ebb,-3.2
2020-08-17 12:12, slack,-
2020-08-17 15:48, flood,3.3
2020-08-17 19:12, slack,-
2020-08-17 21:30, ebb,-1.3
2020-08-18 03:12, slack,-
2020-08-18 09:00, ebb,-3.4
2020-08-18 12:54, slack,-
2020-08-18 16:30, flood,3.5
2020-08-18 19:48, slack,-
2020-08-18 22:12, ebb,-1.5
2020-08-19 02:36, slack,-
2020-08-19 04:06, flood,0.3
2020-08-19 05:12, slack,-
2020-08-19 09:42, ebb,-3.5
2020-08-19 13:36, slack,-
2020-08-19 17:12, flood,3.6
2020-08-19 20:18, slack,-
2020-08-19 22:54, ebb,-1.8
2020-08-20 03:00, slack,-
2020-08-20 04:54, flood,0.6
2020-08-20 06:24, slack,-
2020-08-20 10:24, ebb,-3.3
2020-08-20 14:18, slack,-
2020-08-20 17:48, flood,3.5
2020-08-20 20:54, slack,-
2020-08-20 23:42, ebb,-2.2
2020-08-21 03:42, slack,-
2020-08-21 05:48, flood,0.9
2020-08-21 07:30, slack,-
2020-08-21 11:12, ebb,-3.0
2020-08-21 15:00, slack,-
2020-08-21 18:30, flood,3.2
2020-08-21 21:24, slack,-
2020-08-22 00:30, ebb,-2.5
2020-08-22 04:24, slack,-
2020-08-22 06:42, flood,1.2
2020-08-22 08:42, slack,-
2020-08-22 12:06, ebb,-2.6
2020-08-22 15:42, slack,-
2020-08-22 19:06, flood,2.7
2020-08-22 21:54, slack,-
2020-08-23 01:12, ebb,-2.8
2020-08-23 05:12, slack,-
2020-08-23 07:42, flood,1.6
2020-08-23 10:00, slack,-
2020-08-23 13:06, ebb,-2.0
2020-08-23 16:30, slack,-
2020-08-23 19:42, flood,2.1
2020-08-23 22:18, slack,-
2020-08-24 02:00, ebb,-3.1
2020-08-24 05:54, slack,-
2020-08-24 08:42, flood,1.9
2020-08-24 11:30, slack,-
2020-08-24 14:24, ebb,-1.4
2020-08-24 17:30, slack,-
2020-08-24 20:18, flood,1.3
2020-08-24 22:36, slack,-
2020-08-25 02:54, ebb,-3.1
2020-08-25 06:42, slack,-
2020-08-25 09:48, flood,2.3
2020-08-25 13:06, slack,-
2020-08-25 15:54, ebb,-1.0
2020-08-25 18:48, slack,-
2020-08-25 20:54, flood,0.5
2020-08-25 22:42, slack,-
2020-08-26 03:48, ebb,-3.1
2020-08-26 07:36, slack,-
2020-08-26 10:54, flood,2.6
2020-08-26 14:54, slack,-
2020-08-26 17:12, ebb,-0.9
2020-08-26 21:36, ebb,-0.2
2020-08-27 04:48, ebb,-3.0
2020-08-27 08:30, slack,-
2020-08-27 12:00, flood,2.8
2020-08-27 16:12, slack,-
2020-08-27 18:30, ebb,-0.9
2020-08-27 22:54, ebb,-0.7
2020-08-28 05:54, ebb,-2.9
2020-08-28 09:30, slack,-
2020-08-28 13:12, flood,3.0
2020-08-28 17:12, slack,-
2020-08-28 19:42, ebb,-1.0
2020-08-29 01:30, ebb,-0.7
2020-08-29 06:54, ebb,-2.9
2020-08-29 10:30, slack,-
2020-08-29 14:12, flood,3.2
2020-08-29 18:00, slack,-
2020-08-29 20:42, ebb,-1.1
2020-08-30 02:36, ebb,-0.5
2020-08-30 07:48, ebb,-2.9
2020-08-30 11:30, slack,-
2020-08-30 15:00, flood,3.2
2020-08-30 18:42, slack,-
2020-08-30 21:06, ebb,-1.2
2020-08-31 03:24, ebb,-0.2
2020-08-31 08:42, ebb,-3.0
2020-08-31 12:24, slack,-
2020-08-31 15:42, flood,3.2
2020-08-31 19:12, slack,-
2020-08-31 21:42, ebb,-1.4
2020-09-01 03:24, slack,-
2020-09-01 04:36, slack,-
2020-09-01 09:24, ebb,-2.9
2020-09-01 13:06, slack,-
2020-09-01 16:24, flood,3.1
2020-09-01 19:42, slack,-
2020-09-01 22:12, ebb,-1.5
2020-09-02 03:18, slack,-
2020-09-02 04:36, flood,0.3
2020-09-02 05:42, slack,-
2020-09-02 10:06, ebb,-2.8
2020-09-02 13:42, slack,-
2020-09-02 17:00, flood,2.9
2020-09-02 20:06, slack,-
2020-09-02 22:48, ebb,-1.8
2020-09-03 03:30, slack,-
2020-09-03 05:12, flood,0.5
2020-09-03 06:36, slack,-
2020-09-03 10:36, ebb,-2.5
2020-09-03 14:18, slack,-
2020-09-03 17:36, flood,2.7
2020-09-03 20:30, slack,-
2020-09-03 23:30, ebb,-2.0
2020-09-04 03:54, slack,-
2020-09-04 05:48, flood,0.7
2020-09-04 07:24, slack,-
2020-09-04 11:18, ebb,-2.2
2020-09-04 14:48, slack,-
2020-09-04 18:06, flood,2.5
2020-09-04 20:48, slack,-
2020-09-05 00:06, ebb,-2.2
2020-09-05 04:18, slack,-
2020-09-05 06:24, flood,0.9
2020-09-05 08:18, slack,-
2020-09-05 11:48, ebb,-1.9
2020-09-05 15:18, slack,-
2020-09-05 18:36, flood,2.1
2020-09-05 21:12, slack,-
2020-09-06 00:42, ebb,-2.4
2020-09-06 04:48, slack,-
2020-09-06 07:06, flood,1.1
2020-09-06 09:12, slack,-
2020-09-06 12:24, ebb,-1.6
2020-09-06 15:48, slack,-
2020-09-06 19:00, flood,1.7
2020-09-06 21:36, slack,-
2020-09-07 01:18, ebb,-2.4
2020-09-07 05:18, slack,-
2020-09-07 07:48, flood,1.3
2020-09-07 10:18, slack,-
2020-09-07 13:06, ebb,-1.3
2020-09-07 16:30, slack,-
2020-09-07 19:24, flood,1.2
2020-09-07 21:48, slack,-
2020-09-08 01:48, ebb,-2.4
2020-09-08 05:54, slack,-
2020-09-08 08:36, flood,1.5
2020-09-08 11:24, slack,-
2020-09-08 14:18, ebb,-1.0
2020-09-08 17:24, slack,-
2020-09-08 19:48, flood,0.7
2020-09-08 21:54, slack,-
2020-09-09 02:18, ebb,-2.2
2020-09-09 06:30, slack,-
2020-09-09 09:24, flood,1.6
2020-09-09 12:36, slack,-
2020-09-09 15:42, ebb,-0.8
2020-09-09 18:36, slack,-
2020-09-09 20:06, flood,0.2
2020-09-09 21:36, slack,-
2020-09-10 03:00, ebb,-2.1
2020-09-10 07:12, slack,-
2020-09-10 10:24, flood,1.7
2020-09-10 14:00, slack,-
2020-09-10 16:54, ebb,-0.8
2020-09-10 20:24, ebb,-0.1
2020-09-11 04:24, ebb,-2.0
2020-09-11 08:06, slack,-
2020-09-11 11:30, flood,1.9
2020-09-11 15:24, slack,-
2020-09-11 18:00, ebb,-0.8
2020-09-11 20:54, ebb,-0.4
2020-09-12 05:30, ebb,-2.0
2020-09-12 09:06, slack,-
2020-09-12 12:42, flood,2.1
2020-09-12 16:30, slack,-
2020-09-12 19:00, ebb,-0.9
2020-09-12 21:54, ebb,-0.5
2020-09-13 06:30, ebb,-2.3
2020-09-13 10:06, slack,-
2020-09-13 13:48, flood,2.4
2020-09-13 17:18, slack,-
2020-09-13 19:48, ebb,-1.1
2020-09-14 01:24, ebb,-0.5
2020-09-14 07:24, ebb,-2.6
2020-09-14 11:00, slack,-
2020-09-14 14:36, flood,2.7
2020-09-14 17:54, slack,-
2020-09-14 20:30, ebb,-1.3
2020-09-15 02:30, slack,-
2020-09-15 08:12, ebb,-2.9
2020-09-15 11:48, slack,-
2020-09-15 15:18, flood,3.0
2020-09-15 18:30, slack,-
2020-09-15 21:06, ebb,-1.7
2020-09-16 01:30, slack,-
2020-09-16 03:12, flood,0.4
2020-09-16 04:36, slack,-
2020-09-16 08:48, ebb,-3.1
2020-09-16 12:30, slack,-
2020-09-16 16:00, flood,3.1
2020-09-16 19:00, slack,-
2020-09-16 21:42, ebb,-2.1
2020-09-17 01:42, slack,-
2020-09-17 04:00, flood,0.9
2020-09-17 05:48, slack,-
2020-09-17 09:36, ebb,-3.1
2020-09-17 13:12, slack,-
2020-09-17 16:36, flood,3.1
2020-09-17 19:30, slack,-
2020-09-17 22:24, ebb,-2.6
2020-09-18 02:12, slack,-
2020-09-18 04:54, flood,1.5
2020-09-18 07:00, slack,-
2020-09-18 10:18, ebb,-2.9
2020-09-18 13:54, slack,-
2020-09-18 17:18, flood,2.9
2020-09-18 19:54, slack,-
2020-09-18 23:00, ebb,-3.0
2020-09-19 02:48, slack,-
2020-09-19 05:42, flood,2.0
2020-09-19 08:06, slack,-
2020-09-19 11:12, ebb,-2.6
2020-09-19 14:42, slack,-
2020-09-19 17:54, flood,2.4
2020-09-19 20:24, slack,-
2020-09-19 23:42, ebb,-3.3
2020-09-20 03:30, slack,-
2020-09-20 06:30, flood,2.5
2020-09-20 09:12, slack,-
2020-09-20 12:06, ebb,-2.2
2020-09-20 15:36, slack,-
2020-09-20 18:30, flood,1.8
2020-09-20 20:48, slack,-
2020-09-21 00:24, ebb,-3.5
2020-09-21 04:12, slack,-
2020-09-21 07:24, flood,2.9
2020-09-21 10:24, slack,-
2020-09-21 13:12, ebb,-1.8
2020-09-21 16:42, slack,-
2020-09-21 19:06, flood,1.1
2020-09-21 21:06, slack,-
2020-09-22 01:06, ebb,-3.4
2020-09-22 05:00, slack,-
2020-09-22 08:18, flood,3.1
2020-09-22 11:42, slack,-
2020-09-22 14:30, ebb,-1.5
2020-09-22 18:06, slack,-
2020-09-22 19:42, flood,0.4
2020-09-22 21:12, slack,-
2020-09-23 01:54, ebb,-3.2
2020-09-23 05:48, slack,-
2020-09-23 09:18, flood,3.2
2020-09-23 13:00, slack,-
2020-09-23 15:48, ebb,-1.3
2020-09-23 20:18, ebb,-0.2
2020-09-24 03:06, ebb,-2.8
2020-09-24 06:48, slack,-
2020-09-24 10:18, flood,3.0
2020-09-24 14:24, slack,-
2020-09-24 17:00, ebb,-1.2
2020-09-24 21:24, ebb,-0.7
2020-09-25 04:24, ebb,-2.5
2020-09-25 07:48, slack,-
2020-09-25 11:30, flood,2.8
2020-09-25 15:36, slack,-
2020-09-25 18:18, ebb,-1.2
2020-09-26 00:06, ebb,-0.9
2020-09-26 05:36, ebb,-2.4
2020-09-26 09:06, slack,-
2020-09-26 12:42, flood,2.7
2020-09-26 16:36, slack,-
2020-09-26 21:06, ebb,-1.2
2020-09-27 01:48, ebb,-0.6
2020-09-27 06:48, ebb,-2.3
2020-09-27 10:12, slack,-
2020-09-27 13:48, flood,2.7
2020-09-27 17:24, slack,-
2020-09-27 20:30, ebb,-1.3
2020-09-28 02:42, ebb,-0.1
2020-09-28 07:42, ebb,-2.4
2020-09-28 11:18, slack,-
2020-09-28 14:36, flood,2.6
2020-09-28 18:00, slack,-
2020-09-28 20:48, ebb,-1.5
2020-09-29 02:18, slack,-
2020-09-29 03:18, flood,0.3
2020-09-29 04:18, slack,-
2020-09-29 08:30, ebb,-2.4
2020-09-29 12:06, slack,-
2020-09-29 15:18, flood,2.6
2020-09-29 18:24, slack,-
2020-09-29 21:12, ebb,-1.7
2020-09-30 02:18, slack,-
2020-09-30 03:54, flood,0.6
2020-09-30 05:24, slack,-
2020-09-30 09:12, ebb,-2.3
2020-09-30 12:48, slack,-
2020-09-30 15:54, flood,2.4
2020-09-30 18:48, slack,-
2020-09-30 21:42, ebb,-2.0
2020-10-01 02:24, slack,-
2020-10-01 04:24, flood,0.9
2020-10-01 06:18, slack,-
2020-10-01 09:48, ebb,-2.2
2020-10-01 13:18, slack,-
2020-10-01 16:24, flood,2.2
2020-10-01 19:06, slack,-
2020-10-01 22:12, ebb,-2.3
2020-10-02 02:30, slack,-
2020-10-02 05:00, flood,1.2
2020-10-02 07:06, slack,-
2020-10-02 10:24, ebb,-2.0
2020-10-02 13:48, slack,-
2020-10-02 16:54, flood,2.0
2020-10-02 19:24, slack,-
2020-10-02 22:42, ebb,-2.6
2020-10-03 02:48, slack,-
2020-10-03 05:30, flood,1.5
2020-10-03 07:48, slack,-
2020-10-03 10:54, ebb,-1.8
2020-10-03 14:18, slack,-
2020-10-03 17:24, flood,1.7
2020-10-03 19:42, slack,-
2020-10-03 23:12, ebb,-2.8
2020-10-04 03:12, slack,-
2020-10-04 06:06, flood,1.8
2020-10-04 08:36, slack,-
2020-10-04 11:36, ebb,-1.6
2020-10-04 14:54, slack,-
2020-10-04 17:54, flood,1.3
2020-10-04 20:00, slack,-
2020-10-04 23:42, ebb,-2.8
2020-10-05 03:36, slack,-
2020-10-05 06:42, flood,2.1
2020-10-05 09:24, slack,-
2020-10-05 12:18, ebb,-1.5
2020-10-05 15:42, slack,-
2020-10-05 18:18, flood,0.9
2020-10-05 20:18, slack,-
2020-10-06 00:06, ebb,-2.7
2020-10-06 04:06, slack,-
2020-10-06 07:18, flood,2.3
2020-10-06 10:18, slack,-
2020-10-06 13:06, ebb,-1.4
2020-10-06 16:48, slack,-
2020-10-06 18:48, flood,0.5
2020-10-06 20:24, slack,-
2020-10-07 00:24, ebb,-2.6
2020-10-07 04:42, slack,-
2020-10-07 08:00, flood,2.3
2020-10-07 11:12, slack,-
2020-10-07 14:06, ebb,-1.2
2020-10-07 18:06, slack,-
2020-10-07 19:06, flood,0.1
2020-10-07 20:00, slack,-
2020-10-08 00:48, ebb,-2.4
2020-10-08 05:24, slack,-
2020-10-08 08:48, flood,2.3
2020-10-08 12:12, slack,-
2020-10-08 15:18, ebb,-1.0
2020-10-08 19:24, ebb,-0.2
2020-10-09 01:18, ebb,-2.1
2020-10-09 06:18, slack,-
2020-10-09 09:48, flood,2.2
2020-10-09 13:24, slack,-
2020-10-09 16:36, ebb,-0.9
2020-10-09 19:48, ebb,-0.4
2020-10-10 02:12, ebb,-1.9
2020-10-10 07:18, slack,-
2020-10-10 10:54, flood,2.1
2020-10-10 14:42, slack,-
2020-10-10 17:36, ebb,-0.9
2020-10-10 20:24, ebb,-0.6
2020-10-11 04:54, ebb,-1.8
2020-10-11 08:24, slack,-
2020-10-11 12:06, flood,2.1
2020-10-11 15:42, slack,-
2020-10-11 18:30, ebb,-1.1
2020-10-11 22:00, ebb,-0.7
2020-10-12 06:06, ebb,-1.9
2020-10-12 09:30, slack,-
2020-10-12 13:12, flood,2.2
2020-10-12 16:30, slack,-
2020-10-12 19:18, ebb,-1.4
2020-10-13 01:36, ebb,-0.3
2020-10-13 07:00, ebb,-2.2
2020-10-13 10:24, slack,-
2020-10-13 14:00, flood,2.4
2020-10-13 17:06, slack,-
2020-10-13 20:00, ebb,-1.8
2020-10-14 00:54, slack,-
2020-10-14 02:30, flood,0.3
2020-10-14 03:42, slack,-
2020-10-14 07:54, ebb,-2.4
2020-10-14 11:12, slack,-
2020-10-14 14:48, flood,2.5
2020-10-14 17:36, slack,-
2020-10-14 20:36, ebb,-2.4
2020-10-15 00:42, slack,-
2020-10-15 03:12, flood,1.1
2020-10-15 05:06, slack,-
2020-10-15 08:36, ebb,-2.5
2020-10-15 12:00, slack,-
2020-10-15 15:24, flood,2.5
2020-10-15 18:00, slack,-
2020-10-15 21:12, ebb,-3.0
2020-10-16 01:06, slack,-
2020-10-16 03:54, flood,1.9
2020-10-16 06:18, slack,-
2020-10-16 09:24, ebb,-2.5
2020-10-16 12:48, slack,-
2020-10-16 16:00, flood,2.3
2020-10-16 18:30, slack,-
2020-10-16 21:42, ebb,-3.5
2020-10-17 01:36, slack,-
2020-10-17 04:42, flood,2.6
2020-10-17 07:24, slack,-
2020-10-17 10:12, ebb,-2.4
2020-10-17 13:42, slack,-
2020-10-17 16:36, flood,1.9
2020-10-17 18:54, slack,-
2020-10-17 22:18, ebb,-3.8
2020-10-18 02:06, slack,-
2020-10-18 05:30, flood,3.3
2020-10-18 08:24, slack,-
2020-10-18 11:12, ebb,-2.2
2020-10-18 14:36, slack,-
2020-10-18 17:18, flood,1.4
2020-10-18 19:18, slack,-
2020-10-18 23:00, ebb,-4.0
2020-10-19 02:48, slack,-
2020-10-19 06:12, flood,3.8
2020-10-19 09:24, slack,-
2020-10-19 12:12, ebb,-2.0
2020-10-19 15:54, slack,-
2020-10-19 18:00, flood,0.8
2020-10-19 19:36, slack,-
2020-10-19 23:42, ebb,-3.9
2020-10-20 03:30, slack,-
2020-10-20 07:00, flood,4.0
2020-10-20 10:30, slack,-
2020-10-20 13:12, ebb,-1.8
2020-10-20 17:30, slack,-
2020-10-20 18:42, flood,0.3
2020-10-20 19:42, slack,-
2020-10-21 00:24, ebb,-3.6
2020-10-21 04:18, slack,-
2020-10-21 07:54, flood,3.9
2020-10-21 11:30, slack,-
2020-10-21 14:18, ebb,-1.6
2020-10-21 19:24, ebb,-0.2
2020-10-22 01:12, ebb,-3.1
2020-10-22 05:12, slack,-
2020-10-22 08:48, flood,3.6
2020-10-22 12:36, slack,-
2020-10-22 15:36, ebb,-1.5
2020-10-22 20:12, ebb,-0.7
2020-10-23 02:24, ebb,-2.5
2020-10-23 06:12, slack,-
2020-10-23 09:48, flood,3.2
2020-10-23 13:48, slack,-
2020-10-23 16:48, ebb,-1.4
2020-10-23 22:00, ebb,-0.9
2020-10-24 04:06, ebb,-2.1
2020-10-24 07:18, slack,-
2020-10-24 11:00, flood,2.7
2020-10-24 15:00, slack,-
2020-10-24 17:54, ebb,-1.4
2020-10-25 00:18, ebb,-0.8
2020-10-25 05:24, ebb,-1.9
2020-10-25 08:36, slack,-
2020-10-25 12:12, flood,2.4
2020-10-25 15:54, slack,-
2020-10-25 19:06, ebb,-1.5
2020-10-26 01:42, ebb,-0.3
2020-10-26 06:30, ebb,-1.8
2020-10-26 09:48, slack,-
2020-10-26 13:12, flood,2.2
2020-10-26 16:36, slack,-
2020-10-26 19:48, ebb,-1.7
2020-10-27 01:30, slack,-
2020-10-27 02:30, flood,0.2
2020-10-27 03:36, slack,-
2020-10-27 07:30, ebb,-1.8
2020-10-27 10:48, slack,-
2020-10-27 14:06, flood,2.1
2020-10-27 17:00, slack,-
2020-10-27 20:12, ebb,-2.0
2020-10-28 01:24, slack,-
2020-10-28 03:06, flood,0.7
2020-10-28 05:00, slack,-
2020-10-28 08:18, ebb,-1.7
2020-10-28 11:36, slack,-
2020-10-28 14:48, flood,1.9
2020-10-28 17:24, slack,-
2020-10-28 20:36, ebb,-2.3
2020-10-29 01:30, slack,-
2020-10-29 03:36, flood,1.1
2020-10-29 05:54, slack,-
2020-10-29 08:54, ebb,-1.6
2020-10-29 12:12, slack,-
2020-10-29 15:18, flood,1.7
2020-10-29 17:42, slack,-
2020-10-29 21:06, ebb,-2.6
2020-10-30 01:30, slack,-
2020-10-30 04:06, flood,1.5
2020-10-30 06:42, slack,-
2020-10-30 09:30, ebb,-1.5
2020-10-30 12:48, slack,-
2020-10-30 15:48, flood,1.5
2020-10-30 18:00, slack,-
2020-10-30 21:30, ebb,-2.9
2020-10-31 01:42, slack,-
2020-10-31 04:36, flood,1.9
2020-10-31 07:24, slack,-
2020-10-31 10:06, ebb,-1.5
2020-10-31 13:24, slack,-
2020-10-31 16:06, flood,1.2
2020-10-31 18:12, slack,-
2020-10-31 22:00, ebb,-3.1
2020-11-01 01:00, slack,-
2020-11-01 04:06, flood,2.3
2020-11-01 07:00, slack,-
2020-11-01 09:42, ebb,-1.5
2020-11-01 13:06, slack,-
2020-11-01 15:42, flood,0.9
2020-11-01 17:30, slack,-
2020-11-01 21:24, ebb,-3.1
2020-11-02 01:18, slack,-
2020-11-02 04:42, flood,2.7
2020-11-02 07:42, slack,-
2020-11-02 10:24, ebb,-1.5
2020-11-02 14:06, slack,-
2020-11-02 16:12, flood,0.5
2020-11-02 17:42, slack,-
2020-11-02 21:42, ebb,-3.1
2020-11-03 01:48, slack,-
2020-11-03 05:12, flood,2.9
2020-11-03 08:24, slack,-
2020-11-03 11:12, ebb,-1.5
2020-11-03 15:18, slack,-
2020-11-03 16:42, flood,0.2
2020-11-03 17:48, slack,-
2020-11-03 22:06, ebb,-3.0
2020-11-04 02:18, slack,-
2020-11-04 05:54, flood,3.0
2020-11-04 09:12, slack,-
2020-11-04 11:54, ebb,-1.4
2020-11-04 17:06, slack,-
2020-11-04 22:36, ebb,-2.8
2020-11-05 03:00, slack,-
2020-11-05 06:36, flood,3.0
2020-11-05 10:00, slack,-
2020-11-05 12:54, ebb,-1.3
2020-11-05 17:30, ebb,-0.3
2020-11-05 23:06, ebb,-2.6
2020-11-06 03:48, slack,-
2020-11-06 07:24, flood,2.8
2020-11-06 10:54, slack,-
2020-11-06 14:00, ebb,-1.1
2020-11-06 18:00, ebb,-0.5
2020-11-06 23:48, ebb,-2.3
2020-11-07 04:42, slack,-
2020-11-07 08:18, flood,2.5
2020-11-07 12:00, slack,-
2020-11-07 15:12, ebb,-1.1
2020-11-07 18:30, ebb,-0.6
2020-11-08 00:30, ebb,-2.0
2020-11-08 05:36, slack,-
2020-11-08 09:24, flood,2.3
2020-11-08 13:00, slack,-
2020-11-08 16:12, ebb,-1.2
2020-11-08 19:48, ebb,-0.7
2020-11-09 02:06, ebb,-1.6
2020-11-09 06:42, slack,-
2020-11-09 10:24, flood,2.1
2020-11-09 13:54, slack,-
2020-11-09 17:06, ebb,-1.5
2020-11-09 22:48, ebb,-0.6
2020-11-10 04:30, ebb,-1.6
2020-11-10 07:42, slack,-
2020-11-10 11:24, flood,2.1
2020-11-10 14:30, slack,-
2020-11-10 17:48, ebb,-1.9
2020-11-10 23:36, slack,-
2020-11-11 00:30, flood,0.1
2020-11-11 01:18, slack,-
2020-11-11 05:36, ebb,-1.6
2020-11-11 08:36, slack,-
2020-11-11 12:12, flood,2.0
2020-11-11 15:00, slack,-
2020-11-11 18:24, ebb,-2.5
2020-11-11 22:54, slack,-
2020-11-12 01:18, flood,1.0
2020-11-12 03:18, slack,-
2020-11-12 06:36, ebb,-1.7
2020-11-12 09:30, slack,-
2020-11-12 13:00, flood,1.9
2020-11-12 15:30, slack,-
2020-11-12 19:00, ebb,-3.1
2020-11-12 23:00, slack,-
2020-11-13 02:00, flood,1.9
2020-11-13 04:36, slack,-
2020-11-13 07:24, ebb,-1.8
2020-11-13 10:30, slack,-
2020-11-13 13:42, flood,1.6
2020-11-13 15:54, slack,-
2020-11-13 19:36, ebb,-3.7
2020-11-13 23:30, slack,-
2020-11-14 02:42, flood,2.9
2020-11-14 05:42, slack,-
2020-11-14 08:18, ebb,-1.9
2020-11-14 11:36, slack,-
2020-11-14 14:24, flood,1.3
2020-11-14 16:18, slack,-
2020-11-14 20:12, ebb,-4.1
2020-11-15 00:00, slack,-
2020-11-15 03:24, flood,3.7
2020-11-15 06:36, slack,-
2020-11-15 09:06, ebb,-1.9
2020-11-15 12:42, slack,-
2020-11-15 15:00, flood,0.9
2020-11-15 16:42, slack,-
2020-11-15 20:48, ebb,-4.3
2020-11-16 00:36, slack,-
2020-11-16 04:12, flood,4.2
2020-11-16 07:30, slack,-
2020-11-16 10:06, ebb,-1.9
2020-11-16 14:06, slack,-
2020-11-16 15:48, flood,0.5
2020-11-16 17:06, slack,-
2020-11-16 21:24, ebb,-4.2
2020-11-17 01:12, slack,-
2020-11-17 04:54, flood,4.5
2020-11-17 08:24, slack,-
2020-11-17 11:06, ebb,-1.9
2020-11-17 16:00, slack,-
2020-11-17 17:06, slack,-
2020-11-17 22:06, ebb,-4.0
2020-11-18 02:00, slack,-
2020-11-18 05:42, flood,4.5
2020-11-18 09:18, slack,-
2020-11-18 12:00, ebb,-1.8
2020-11-18 17:24, ebb,-0.3
2020-11-18 22:54, ebb,-3.5
2020-11-19 02:48, slack,-
2020-11-19 06:30, flood,4.2
2020-11-19 10:12, slack,-
2020-11-19 13:06, ebb,-1.7
2020-11-19 18:12, ebb,-0.5
2020-11-19 23:48, ebb,-2.9
2020-11-20 03:48, slack,-
2020-11-20 07:24, flood,3.7
2020-11-20 11:12, slack,-
2020-11-20 14:18, ebb,-1.6
2020-11-20 19:06, ebb,-0.8
2020-11-21 01:06, ebb,-2.3
2020-11-21 04:42, slack,-
2020-11-21 08:24, flood,3.1
2020-11-21 12:12, slack,-
2020-11-21 15:24, ebb,-1.5
2020-11-21 20:54, ebb,-0.8
2020-11-22 02:42, ebb,-1.8
2020-11-22 05:48, slack,-
2020-11-22 09:24, flood,2.6
2020-11-22 13:06, slack,-
2020-11-22 16:24, ebb,-1.6
2020-11-22 22:54, ebb,-0.6
2020-11-23 03:54, ebb,-1.5
2020-11-23 06:48, slack,-
2020-11-23 10:24, flood,2.1
2020-11-23 13:54, slack,-
2020-11-23 17:18, ebb,-1.8
2020-11-24 00:24, ebb,-0.1
2020-11-24 05:00, ebb,-1.3
2020-11-24 07:54, slack,-
2020-11-24 11:24, flood,1.8
2020-11-24 14:30, slack,-
2020-11-24 18:00, ebb,-2.1
2020-11-24 23:36, slack,-
2020-11-25 01:18, flood,0.5
2020-11-25 03:12, slack,-
2020-11-25 06:00, ebb,-1.1
2020-11-25 08:48, slack,-
2020-11-25 12:18, flood,1.5
2020-11-25 14:54, slack,-
2020-11-25 18:30, ebb,-2.4
2020-11-25 23:30, slack,-
2020-11-26 01:48, flood,1.0
2020-11-26 04:24, slack,-
2020-11-26 06:48, ebb,-1.0
2020-11-26 09:42, slack,-
2020-11-26 13:00, flood,1.2
2020-11-26 15:12, slack,-
2020-11-26 19:00, ebb,-2.8
2020-11-26 23:36, slack,-
2020-11-27 02:18, flood,1.5
2020-11-27 05:18, slack,-
2020-11-27 07:30, ebb,-1.0
2020-11-27 10:30, slack,-
2020-11-27 13:36, flood,1.0
2020-11-27 15:30, slack,-
2020-11-27 19:30, ebb,-3.1
2020-11-27 23:42, slack,-
2020-11-28 02:42, flood,2.0
2020-11-28 05:54, slack,-
2020-11-28 08:12, ebb,-1.0
2020-11-28 11:24, slack,-
2020-11-28 14:00, flood,0.7
2020-11-28 15:42, slack,-
2020-11-28 19:54, ebb,-3.2
2020-11-28 23:54, slack,-
2020-11-29 03:12, flood,2.5
2020-11-29 06:24, slack,-
2020-11-29 08:48, ebb,-1.2
2020-11-29 12:30, slack,-
2020-11-29 14:24, flood,0.4
2020-11-29 15:54, slack,-
2020-11-29 20:18, ebb,-3.3
2020-11-30 00:12, slack,-
2020-11-30 03:42, flood,3.0
2020-11-30 07:00, slack,-
2020-11-30 09:24, ebb,-1.3
2020-11-30 13:36, slack,-
2020-11-30 15:00, flood,0.2
2020-11-30 16:00, slack,-
2020-11-30 20:42, ebb,-3.3
2020-12-01 00:42, slack,-
2020-12-01 04:12, flood,3.3
2020-12-01 07:36, slack,-
2020-12-01 10:06, ebb,-1.4
2020-12-01 15:30, slack,-
2020-12-01 21:06, ebb,-3.3
2020-12-02 01:12, slack,-
2020-12-02 04:54, flood,3.4
2020-12-02 08:18, slack,-
2020-12-02 10:54, ebb,-1.4
2020-12-02 16:06, ebb,-0.2
2020-12-02 21:36, ebb,-3.1
2020-12-03 01:54, slack,-
2020-12-03 05:36, flood,3.4
2020-12-03 09:00, slack,-
2020-12-03 11:36, ebb,-1.3
2020-12-03 16:42, ebb,-0.3
2020-12-03 22:12, ebb,-3.0
2020-12-04 02:36, slack,-
2020-12-04 06:18, flood,3.3
2020-12-04 09:48, slack,-
2020-12-04 12:36, ebb,-1.3
2020-12-04 17:18, ebb,-0.4
2020-12-04 22:48, ebb,-2.8
2020-12-05 03:24, slack,-
2020-12-05 07:06, flood,3.1
2020-12-05 10:42, slack,-
2020-12-05 13:42, ebb,-1.2
2020-12-05 18:00, ebb,-0.5
2020-12-05 23:30, ebb,-2.4
2020-12-06 04:12, slack,-
2020-12-06 07:54, flood,2.8
2020-12-06 11:30, slack,-
2020-12-06 14:48, ebb,-1.3
2020-12-06 19:06, ebb,-0.6
2020-12-07 00:18, ebb,-2.0
2020-12-07 05:06, slack,-
2020-12-07 08:48, flood,2.5
2020-12-07 12:12, slack,-
2020-12-07 15:42, ebb,-1.6
2020-12-07 20:54, ebb,-0.5
2020-12-08 01:42, ebb,-1.5
2020-12-08 05:54, slack,-
2020-12-08 09:36, flood,2.1
2020-12-08 12:54, slack,-
2020-12-08 16:30, ebb,-2.0
2020-12-08 22:48, slack,-
2020-12-09 04:06, ebb,-1.2
2020-12-09 06:48, slack,-
2020-12-09 10:24, flood,1.8
2020-12-09 13:24, slack,-
2020-12-09 17:12, ebb,-2.6
2020-12-09 21:48, slack,-
2020-12-10 00:06, flood,0.8
2020-12-10 02:18, slack,-
2020-12-10 05:18, ebb,-1.1
2020-12-10 07:48, slack,-
2020-12-10 11:18, flood,1.4
2020-12-10 13:54, slack,-
2020-12-10 17:48, ebb,-3.2
2020-12-10 22:00, slack,-
2020-12-11 01:00, flood,1.8
2020-12-11 03:54, slack,-
2020-12-11 06:18, ebb,-1.1
2020-12-11 09:00, slack,-
2020-12-11 12:12, flood,1.0
2020-12-11 14:18, slack,-
2020-12-11 18:24, ebb,-3.7
2020-12-11 22:24, slack,-
2020-12-12 01:42, flood,2.8
2020-12-12 05:00, slack,-
2020-12-12 07:18, ebb,-1.2
2020-12-12 10:24, slack,-
2020-12-12 13:00, flood,0.7
2020-12-12 14:42, slack,-
2020-12-12 19:00, ebb,-4.1
2020-12-12 22:54, slack,-
2020-12-13 02:24, flood,3.6
2020-12-13 05:54, slack,-
2020-12-13 08:12, ebb,-1.4
2020-12-13 12:06, slack,-
2020-12-13 13:48, flood,0.4
2020-12-13 15:06, slack,-
2020-12-13 19:42, ebb,-4.3
2020-12-13 23:30, slack,-
2020-12-14 03:06, flood,4.3
2020-12-14 06:42, slack,-
2020-12-14 09:00, ebb,-1.6
2020-12-14 13:54, slack,-
2020-12-14 15:18, slack,-
2020-12-14 20:18, ebb,-4.3
2020-12-15 00:06, slack,-
2020-12-15 03:54, flood,4.6
2020-12-15 07:30, slack,-
2020-12-15 09:54, ebb,-1.7
2020-12-15 15:24, ebb,-0.1
2020-12-15 21:00, ebb,-4.1
2020-12-16 00:54, slack,-
2020-12-16 04:36, flood,4.7
2020-12-16 08:12, slack,-
2020-12-16 10:48, ebb,-1.7
2020-12-16 16:18, ebb,-0.3
2020-12-16 21:48, ebb,-3.8
2020-12-17 01:42, slack,-
2020-12-17 05:24, flood,4.5
2020-12-17 09:00, slack,-
2020-12-17 11:42, ebb,-1.7
2020-12-17 17:12, ebb,-0.4
2020-12-17 22:36, ebb,-3.3
2020-12-18 02:36, slack,-
2020-12-18 06:12, flood,4.1
2020-12-18 09:54, slack,-
2020-12-18 12:42, ebb,-1.6
2020-12-18 18:06, ebb,-0.5
2020-12-18 23:36, ebb,-2.8
2020-12-19 03:24, slack,-
2020-12-19 07:00, flood,3.5
2020-12-19 10:42, slack,-
2020-12-19 13:48, ebb,-1.6
2020-12-19 19:00, ebb,-0.6
2020-12-20 00:42, ebb,-2.2
2020-12-20 04:18, slack,-
2020-12-20 07:48, flood,3.0
2020-12-20 11:24, slack,-
2020-12-20 14:48, ebb,-1.7
2020-12-20 20:24, ebb,-0.6
2020-12-21 02:06, ebb,-1.6
2020-12-21 05:06, slack,-
2020-12-21 08:36, flood,2.4
2020-12-21 12:06, slack,-
2020-12-21 15:42, ebb,-1.9
2020-12-21 22:06, ebb,-0.4
2020-12-22 03:18, ebb,-1.1
2020-12-22 05:48, slack,-
2020-12-22 09:24, flood,1.9
2020-12-22 12:42, slack,-
2020-12-22 16:24, ebb,-2.2
2020-12-22 22:54, slack,-
2020-12-23 00:30, slack,-
2020-12-23 04:18, ebb,-0.8
2020-12-23 06:36, slack,-
2020-12-23 10:12, flood,1.4
2020-12-23 13:06, slack,-
2020-12-23 17:06, ebb,-2.5
2020-12-23 22:24, slack,-
2020-12-24 00:36, flood,0.6
2020-12-24 03:24, slack,-
2020-12-24 05:18, ebb,-0.5
2020-12-24 07:24, slack,-
2020-12-24 11:00, flood,0.9
2020-12-24 13:30, slack,-
2020-12-24 17:42, ebb,-2.7
2020-12-24 22:30, slack,-
2020-12-25 01:12, flood,1.2
2020-12-25 04:36, slack,-
2020-12-25 06:18, ebb,-0.5
2020-12-25 08:30, slack,-
2020-12-25 11:48, flood,0.6
2020-12-25 13:48, slack,-
2020-12-25 18:18, ebb,-2.9
2020-12-25 22:36, slack,-
2020-12-26 01:42, flood,1.8
2020-12-26 05:12, slack,-
2020-12-26 07:06, ebb,-0.6
2020-12-26 10:06, slack,-
2020-12-26 12:36, flood,0.3
2020-12-26 14:00, slack,-
2020-12-26 18:48, ebb,-3.1
2020-12-26 22:48, slack,-
2020-12-27 02:12, flood,2.4
2020-12-27 05:42, slack,-
2020-12-27 07:48, ebb,-0.8
2020-12-27 12:30, slack,-
2020-12-27 13:54, slack,-
2020-12-27 19:18, ebb,-3.2
2020-12-27 23:12, slack,-
2020-12-28 02:42, flood,2.9
2020-12-28 06:12, slack,-
2020-12-28 08:24, ebb,-1.1
2020-12-28 13:54, slack,-
2020-12-28 19:48, ebb,-3.3
2020-12-28 23:42, slack,-
2020-12-29 03:18, flood,3.2
2020-12-29 06:42, slack,-
2020-12-29 09:06, ebb,-1.2
2020-12-29 14:18, ebb,-0.2
2020-12-29 20:18, ebb,-3.3
2020-12-30 00:12, slack,-
2020-12-30 03:54, flood,3.5
2020-12-30 07:18, slack,-
2020-12-30 09:48, ebb,-1.3
2020-12-30 15:00, ebb,-0.2
2020-12-30 20:48, ebb,-3.3
2020-12-31 00:54, slack,-
2020-12-31 04:36, flood,3.6
2020-12-31 08:00, slack,-
2020-12-31 10:36, ebb,-1.3
2020-12-31 15:42, ebb,-0.2
2020-12-31 21:18, ebb,-3.3
